"subject","PCR","uniqueseq","value","freq"
10,"MM2F_S3R","MM2F_S3R.1",2930,47.1515931766978
12,"MM2F_S3R","MM2F_S3R.1",5143,47.3398379970545
13,"MM2F_S3R","MM2F_S3R.1",0,0
15,"MM2F_S3R","MM2F_S3R.1",0,0
16,"MM2F_S3R","MM2F_S3R.1",0,0
17,"MM2F_S3R","MM2F_S3R.1",0,0
18,"MM2F_S3R","MM2F_S3R.1",11093,45.8104480693785
19,"MM2F_S3R","MM2F_S3R.1",977,6.76077780084423
2,"MM2F_S3R","MM2F_S3R.1",0,0
20,"MM2F_S3R","MM2F_S3R.1",6258,50.0319795330988
21,"MM2F_S3R","MM2F_S3R.1",0,0
23,"MM2F_S3R","MM2F_S3R.1",14,0.0705254143368092
24,"MM2F_S3R","MM2F_S3R.1",187,3.71769383697813
25,"MM2F_S3R","MM2F_S3R.1",885,49.6911847276811
26,"MM2F_S3R","MM2F_S3R.1",13478,98.4801987432413
27,"MM2F_S3R","MM2F_S3R.1",0,0
28,"MM2F_S3R","MM2F_S3R.1",6508,51.2360258227051
29,"MM2F_S3R","MM2F_S3R.1",2346,48.1724845995893
30,"MM2F_S3R","MM2F_S3R.1",0,0
31,"MM2F_S3R","MM2F_S3R.1",53,0.20680505696894
32,"MM2F_S3R","MM2F_S3R.1",321,6.17545209696037
34,"MM2F_S3R","MM2F_S3R.1",8106,49.990749306198
36,"MM2F_S3R","MM2F_S3R.1",5061,98.5973115137347
37,"MM2F_S3R","MM2F_S3R.1",4193,46.6407119021135
38,"MM2F_S3R","MM2F_S3R.1",226,53.0516431924883
39,"MM2F_S3R","MM2F_S3R.1",3592,47.9316786762744
4,"MM2F_S3R","MM2F_S3R.1",42,0.189428107523002
40,"MM2F_S3R","MM2F_S3R.1",0,0
42,"MM2F_S3R","MM2F_S3R.1",0,0
44,"MM2F_S3R","MM2F_S3R.1",0,0
45,"MM2F_S3R","MM2F_S3R.1",4228,47.3036473484001
46,"MM2F_S3R","MM2F_S3R.1",3849,47.968594217348
47,"MM2F_S3R","MM2F_S3R.1",117,2.61979399910434
48,"MM2F_S3R","MM2F_S3R.1",0,0
49,"MM2F_S3R","MM2F_S3R.1",29,100
5,"MM2F_S3R","MM2F_S3R.1",0,0
50,"MM2F_S3R","MM2F_S3R.1",194,3.73435996150144
51,"MM2F_S3R","MM2F_S3R.1",0,0
52,"MM2F_S3R","MM2F_S3R.1",10606,98.6237679003162
53,"MM2F_S3R","MM2F_S3R.1",0,0
54,"MM2F_S3R","MM2F_S3R.1",2181,46.8528464017186
55,"MM2F_S3R","MM2F_S3R.1",2616,49.8285714285714
56,"MM2F_S3R","MM2F_S3R.1",0,0
57,"MM2F_S3R","MM2F_S3R.1",5388,51.1243951038998
58,"MM2F_S3R","MM2F_S3R.1",3075,47.3805855161788
59,"MM2F_S3R","MM2F_S3R.1",0,0
6,"MM2F_S3R","MM2F_S3R.1",2111,47.480881691408
60,"MM2F_S3R","MM2F_S3R.1",5808,51.2847682119205
61,"MM2F_S3R","MM2F_S3R.1",0,0
62,"MM2F_S3R","MM2F_S3R.1",4835,49.8196805770222
63,"MM2F_S3R","MM2F_S3R.1",2845,48.1468945676087
66,"MM2F_S3R","MM2F_S3R.1",0,0
67,"MM2F_S3R","MM2F_S3R.1",0,0
68,"MM2F_S3R","MM2F_S3R.1",3104,48.4924230588971
69,"MM2F_S3R","MM2F_S3R.1",0,0
7,"MM2F_S3R","MM2F_S3R.1",5414,48.542992916704
70,"MM2F_S3R","MM2F_S3R.1",0,0
71,"MM2F_S3R","MM2F_S3R.1",0,0
72,"MM2F_S3R","MM2F_S3R.1",3300,49.5272399819901
73,"MM2F_S3R","MM2F_S3R.1",319,5.2064631956912
74,"MM2F_S3R","MM2F_S3R.1",0,0
75,"MM2F_S3R","MM2F_S3R.1",23109,98.5962966123389
76,"MM2F_S3R","MM2F_S3R.1",9016,98.6865148861646
77,"MM2F_S3R","MM2F_S3R.1",2770,98.4014209591474
78,"MM2F_S3R","MM2F_S3R.1",0,0
79,"MM2F_S3R","MM2F_S3R.1",9024,48.0972177806204
8,"MM2F_S3R","MM2F_S3R.1",6927,50.5214791043688
80,"MM2F_S3R","MM2F_S3R.1",0,0
81,"MM2F_S3R","MM2F_S3R.1",0,0
82,"MM2F_S3R","MM2F_S3R.1",13990,98.4725839374956
84,"MM2F_S3R","MM2F_S3R.1",0,0
85,"MM2F_S3R","MM2F_S3R.1",8530,67.0492060996699
87,"MM2F_S3R","MM2F_S3R.1",0,0
90,"MM2F_S3R","MM2F_S3R.1",5738,47.2496706192358
91,"MM2F_S3R","MM2F_S3R.1",6317,67.0096531240055
92,"MM2F_S3R","MM2F_S3R.1",61,1.63495041543822
93,"MM2F_S3R","MM2F_S3R.1",3679,46.6700494735507
95,"MM2F_S3R","MM2F_S3R.1",4371,50.3803596127248
10,"MM2F_S3R","MM2F_S3R.3",0,0
12,"MM2F_S3R","MM2F_S3R.3",5581,51.3715022091311
13,"MM2F_S3R","MM2F_S3R.3",5270,49.6982270841192
15,"MM2F_S3R","MM2F_S3R.3",5150,50.0242836328315
16,"MM2F_S3R","MM2F_S3R.3",6925,49.2426935931167
17,"MM2F_S3R","MM2F_S3R.3",0,0
18,"MM2F_S3R","MM2F_S3R.3",0,0
19,"MM2F_S3R","MM2F_S3R.3",13290,91.965953913224
2,"MM2F_S3R","MM2F_S3R.3",2859,49.5493934142114
20,"MM2F_S3R","MM2F_S3R.3",0,0
21,"MM2F_S3R","MM2F_S3R.3",4294,98.8945186549977
23,"MM2F_S3R","MM2F_S3R.3",0,0
24,"MM2F_S3R","MM2F_S3R.3",0,0
25,"MM2F_S3R","MM2F_S3R.3",0,0
26,"MM2F_S3R","MM2F_S3R.3",0,0
27,"MM2F_S3R","MM2F_S3R.3",0,0
28,"MM2F_S3R","MM2F_S3R.3",0,0
29,"MM2F_S3R","MM2F_S3R.3",2524,51.8275154004107
30,"MM2F_S3R","MM2F_S3R.3",8091,98.6827661909989
31,"MM2F_S3R","MM2F_S3R.3",12427,48.4899328859061
32,"MM2F_S3R","MM2F_S3R.3",4809,92.5163524432474
34,"MM2F_S3R","MM2F_S3R.3",0,0
36,"MM2F_S3R","MM2F_S3R.3",0,0
37,"MM2F_S3R","MM2F_S3R.3",0,0
38,"MM2F_S3R","MM2F_S3R.3",0,0
39,"MM2F_S3R","MM2F_S3R.3",3801,50.7205764611689
4,"MM2F_S3R","MM2F_S3R.3",11039,49.7880209272957
40,"MM2F_S3R","MM2F_S3R.3",0,0
42,"MM2F_S3R","MM2F_S3R.3",3295,46.2196661523355
44,"MM2F_S3R","MM2F_S3R.3",0,0
45,"MM2F_S3R","MM2F_S3R.3",0,0
46,"MM2F_S3R","MM2F_S3R.3",0,0
47,"MM2F_S3R","MM2F_S3R.3",4285,95.9471562919839
48,"MM2F_S3R","MM2F_S3R.3",0,0
49,"MM2F_S3R","MM2F_S3R.3",0,0
5,"MM2F_S3R","MM2F_S3R.3",4591,50.8529020824103
50,"MM2F_S3R","MM2F_S3R.3",4936,95.0144369586141
51,"MM2F_S3R","MM2F_S3R.3",0,0
52,"MM2F_S3R","MM2F_S3R.3",0,0
53,"MM2F_S3R","MM2F_S3R.3",16267,98.7434745659828
54,"MM2F_S3R","MM2F_S3R.3",0,0
55,"MM2F_S3R","MM2F_S3R.3",0,0
56,"MM2F_S3R","MM2F_S3R.3",2500,48.4590036828843
57,"MM2F_S3R","MM2F_S3R.3",0,0
58,"MM2F_S3R","MM2F_S3R.3",0,0
59,"MM2F_S3R","MM2F_S3R.3",0,0
6,"MM2F_S3R","MM2F_S3R.3",0,0
60,"MM2F_S3R","MM2F_S3R.3",0,0
61,"MM2F_S3R","MM2F_S3R.3",0,0
62,"MM2F_S3R","MM2F_S3R.3",4742,48.8614116434827
63,"MM2F_S3R","MM2F_S3R.3",0,0
66,"MM2F_S3R","MM2F_S3R.3",0,0
67,"MM2F_S3R","MM2F_S3R.3",0,0
68,"MM2F_S3R","MM2F_S3R.3",0,0
69,"MM2F_S3R","MM2F_S3R.3",1791,44.9661059502887
7,"MM2F_S3R","MM2F_S3R.3",0,0
70,"MM2F_S3R","MM2F_S3R.3",0,0
71,"MM2F_S3R","MM2F_S3R.3",0,0
72,"MM2F_S3R","MM2F_S3R.3",0,0
73,"MM2F_S3R","MM2F_S3R.3",0,0
74,"MM2F_S3R","MM2F_S3R.3",5376,48.5286152735151
75,"MM2F_S3R","MM2F_S3R.3",0,0
76,"MM2F_S3R","MM2F_S3R.3",0,0
77,"MM2F_S3R","MM2F_S3R.3",0,0
78,"MM2F_S3R","MM2F_S3R.3",0,0
79,"MM2F_S3R","MM2F_S3R.3",9486,50.5596418292293
8,"MM2F_S3R","MM2F_S3R.3",0,0
80,"MM2F_S3R","MM2F_S3R.3",0,0
81,"MM2F_S3R","MM2F_S3R.3",2171,49.7251488776913
82,"MM2F_S3R","MM2F_S3R.3",0,0
84,"MM2F_S3R","MM2F_S3R.3",3111,48.9689910278609
85,"MM2F_S3R","MM2F_S3R.3",0,0
87,"MM2F_S3R","MM2F_S3R.3",4918,47.2022267012189
90,"MM2F_S3R","MM2F_S3R.3",0,0
91,"MM2F_S3R","MM2F_S3R.3",0,0
92,"MM2F_S3R","MM2F_S3R.3",0,0
93,"MM2F_S3R","MM2F_S3R.3",0,0
95,"MM2F_S3R","MM2F_S3R.3",0,0
10,"MM2F_S3R","MM2F_S3R.5",3195,51.4161570646926
12,"MM2F_S3R","MM2F_S3R.5",0,0
13,"MM2F_S3R","MM2F_S3R.5",0,0
15,"MM2F_S3R","MM2F_S3R.5",0,0
16,"MM2F_S3R","MM2F_S3R.5",0,0
17,"MM2F_S3R","MM2F_S3R.5",0,0
18,"MM2F_S3R","MM2F_S3R.5",0,0
19,"MM2F_S3R","MM2F_S3R.5",0,0
2,"MM2F_S3R","MM2F_S3R.5",0,0
20,"MM2F_S3R","MM2F_S3R.5",0,0
21,"MM2F_S3R","MM2F_S3R.5",0,0
23,"MM2F_S3R","MM2F_S3R.5",19581,98.6398670092187
24,"MM2F_S3R","MM2F_S3R.5",0,0
25,"MM2F_S3R","MM2F_S3R.5",0,0
26,"MM2F_S3R","MM2F_S3R.5",0,0
27,"MM2F_S3R","MM2F_S3R.5",4557,51.4276041078885
28,"MM2F_S3R","MM2F_S3R.5",0,0
29,"MM2F_S3R","MM2F_S3R.5",0,0
30,"MM2F_S3R","MM2F_S3R.5",0,0
31,"MM2F_S3R","MM2F_S3R.5",12821,50.0273138754487
32,"MM2F_S3R","MM2F_S3R.5",0,0
34,"MM2F_S3R","MM2F_S3R.5",0,0
36,"MM2F_S3R","MM2F_S3R.5",0,0
37,"MM2F_S3R","MM2F_S3R.5",4660,51.8353726362625
38,"MM2F_S3R","MM2F_S3R.5",200,46.9483568075117
39,"MM2F_S3R","MM2F_S3R.5",0,0
4,"MM2F_S3R","MM2F_S3R.5",0,0
40,"MM2F_S3R","MM2F_S3R.5",0,0
42,"MM2F_S3R","MM2F_S3R.5",0,0
44,"MM2F_S3R","MM2F_S3R.5",0,0
45,"MM2F_S3R","MM2F_S3R.5",0,0
46,"MM2F_S3R","MM2F_S3R.5",0,0
47,"MM2F_S3R","MM2F_S3R.5",0,0
48,"MM2F_S3R","MM2F_S3R.5",2215,69.3704979642969
49,"MM2F_S3R","MM2F_S3R.5",0,0
5,"MM2F_S3R","MM2F_S3R.5",0,0
50,"MM2F_S3R","MM2F_S3R.5",0,0
51,"MM2F_S3R","MM2F_S3R.5",2972,68.7008784096163
52,"MM2F_S3R","MM2F_S3R.5",0,0
53,"MM2F_S3R","MM2F_S3R.5",0,0
54,"MM2F_S3R","MM2F_S3R.5",0,0
55,"MM2F_S3R","MM2F_S3R.5",0,0
56,"MM2F_S3R","MM2F_S3R.5",0,0
57,"MM2F_S3R","MM2F_S3R.5",0,0
58,"MM2F_S3R","MM2F_S3R.5",0,0
59,"MM2F_S3R","MM2F_S3R.5",0,0
6,"MM2F_S3R","MM2F_S3R.5",0,0
60,"MM2F_S3R","MM2F_S3R.5",0,0
61,"MM2F_S3R","MM2F_S3R.5",0,0
62,"MM2F_S3R","MM2F_S3R.5",0,0
63,"MM2F_S3R","MM2F_S3R.5",0,0
66,"MM2F_S3R","MM2F_S3R.5",7436,49.4776764921152
67,"MM2F_S3R","MM2F_S3R.5",6449,50.7196224931184
68,"MM2F_S3R","MM2F_S3R.5",0,0
69,"MM2F_S3R","MM2F_S3R.5",2156,54.1300527240773
7,"MM2F_S3R","MM2F_S3R.5",0,0
70,"MM2F_S3R","MM2F_S3R.5",0,0
71,"MM2F_S3R","MM2F_S3R.5",4606,50.4159369527145
72,"MM2F_S3R","MM2F_S3R.5",0,0
73,"MM2F_S3R","MM2F_S3R.5",5734,93.5857679125183
74,"MM2F_S3R","MM2F_S3R.5",5551,50.1083228019498
75,"MM2F_S3R","MM2F_S3R.5",0,0
76,"MM2F_S3R","MM2F_S3R.5",0,0
77,"MM2F_S3R","MM2F_S3R.5",0,0
78,"MM2F_S3R","MM2F_S3R.5",0,0
79,"MM2F_S3R","MM2F_S3R.5",0,0
8,"MM2F_S3R","MM2F_S3R.5",0,0
80,"MM2F_S3R","MM2F_S3R.5",0,0
81,"MM2F_S3R","MM2F_S3R.5",0,0
82,"MM2F_S3R","MM2F_S3R.5",0,0
84,"MM2F_S3R","MM2F_S3R.5",0,0
85,"MM2F_S3R","MM2F_S3R.5",0,0
87,"MM2F_S3R","MM2F_S3R.5",5351,51.3580957865438
90,"MM2F_S3R","MM2F_S3R.5",6242,51.3998682476943
91,"MM2F_S3R","MM2F_S3R.5",0,0
92,"MM2F_S3R","MM2F_S3R.5",0,0
93,"MM2F_S3R","MM2F_S3R.5",0,0
95,"MM2F_S3R","MM2F_S3R.5",0,0
10,"MM2F_S3R","MM2F_S3R.7",0,0
12,"MM2F_S3R","MM2F_S3R.7",0,0
13,"MM2F_S3R","MM2F_S3R.7",0,0
15,"MM2F_S3R","MM2F_S3R.7",4999,48.5575522098106
16,"MM2F_S3R","MM2F_S3R.7",0,0
17,"MM2F_S3R","MM2F_S3R.7",0,0
18,"MM2F_S3R","MM2F_S3R.7",0,0
19,"MM2F_S3R","MM2F_S3R.7",0,0
2,"MM2F_S3R","MM2F_S3R.7",0,0
20,"MM2F_S3R","MM2F_S3R.7",0,0
21,"MM2F_S3R","MM2F_S3R.7",0,0
23,"MM2F_S3R","MM2F_S3R.7",0,0
24,"MM2F_S3R","MM2F_S3R.7",0,0
25,"MM2F_S3R","MM2F_S3R.7",896,50.3088152723189
26,"MM2F_S3R","MM2F_S3R.7",0,0
27,"MM2F_S3R","MM2F_S3R.7",0,0
28,"MM2F_S3R","MM2F_S3R.7",6015,47.3547472838923
29,"MM2F_S3R","MM2F_S3R.7",0,0
30,"MM2F_S3R","MM2F_S3R.7",0,0
31,"MM2F_S3R","MM2F_S3R.7",0,0
32,"MM2F_S3R","MM2F_S3R.7",0,0
34,"MM2F_S3R","MM2F_S3R.7",0,0
36,"MM2F_S3R","MM2F_S3R.7",0,0
37,"MM2F_S3R","MM2F_S3R.7",0,0
38,"MM2F_S3R","MM2F_S3R.7",0,0
39,"MM2F_S3R","MM2F_S3R.7",0,0
4,"MM2F_S3R","MM2F_S3R.7",0,0
40,"MM2F_S3R","MM2F_S3R.7",734,30.827383452331
42,"MM2F_S3R","MM2F_S3R.7",0,0
44,"MM2F_S3R","MM2F_S3R.7",3263,48.0559646539028
45,"MM2F_S3R","MM2F_S3R.7",0,0
46,"MM2F_S3R","MM2F_S3R.7",0,0
47,"MM2F_S3R","MM2F_S3R.7",0,0
48,"MM2F_S3R","MM2F_S3R.7",944,29.5646727215785
49,"MM2F_S3R","MM2F_S3R.7",0,0
5,"MM2F_S3R","MM2F_S3R.7",0,0
50,"MM2F_S3R","MM2F_S3R.7",0,0
51,"MM2F_S3R","MM2F_S3R.7",1308,30.2357836338419
52,"MM2F_S3R","MM2F_S3R.7",0,0
53,"MM2F_S3R","MM2F_S3R.7",0,0
54,"MM2F_S3R","MM2F_S3R.7",0,0
55,"MM2F_S3R","MM2F_S3R.7",0,0
56,"MM2F_S3R","MM2F_S3R.7",0,0
57,"MM2F_S3R","MM2F_S3R.7",5008,47.5187399183983
58,"MM2F_S3R","MM2F_S3R.7",0,0
59,"MM2F_S3R","MM2F_S3R.7",2483,46.212544202494
6,"MM2F_S3R","MM2F_S3R.7",0,0
60,"MM2F_S3R","MM2F_S3R.7",5357,47.3024282560706
61,"MM2F_S3R","MM2F_S3R.7",0,0
62,"MM2F_S3R","MM2F_S3R.7",0,0
63,"MM2F_S3R","MM2F_S3R.7",0,0
66,"MM2F_S3R","MM2F_S3R.7",0,0
67,"MM2F_S3R","MM2F_S3R.7",0,0
68,"MM2F_S3R","MM2F_S3R.7",0,0
69,"MM2F_S3R","MM2F_S3R.7",0,0
7,"MM2F_S3R","MM2F_S3R.7",0,0
70,"MM2F_S3R","MM2F_S3R.7",3284,31.395793499044
71,"MM2F_S3R","MM2F_S3R.7",0,0
72,"MM2F_S3R","MM2F_S3R.7",0,0
73,"MM2F_S3R","MM2F_S3R.7",0,0
74,"MM2F_S3R","MM2F_S3R.7",0,0
75,"MM2F_S3R","MM2F_S3R.7",0,0
76,"MM2F_S3R","MM2F_S3R.7",0,0
77,"MM2F_S3R","MM2F_S3R.7",0,0
78,"MM2F_S3R","MM2F_S3R.7",0,0
79,"MM2F_S3R","MM2F_S3R.7",0,0
8,"MM2F_S3R","MM2F_S3R.7",6611,48.2167602654803
80,"MM2F_S3R","MM2F_S3R.7",6674,47.6782397485355
81,"MM2F_S3R","MM2F_S3R.7",0,0
82,"MM2F_S3R","MM2F_S3R.7",0,0
84,"MM2F_S3R","MM2F_S3R.7",0,0
85,"MM2F_S3R","MM2F_S3R.7",0,0
87,"MM2F_S3R","MM2F_S3R.7",0,0
90,"MM2F_S3R","MM2F_S3R.7",0,0
91,"MM2F_S3R","MM2F_S3R.7",0,0
92,"MM2F_S3R","MM2F_S3R.7",0,0
93,"MM2F_S3R","MM2F_S3R.7",0,0
95,"MM2F_S3R","MM2F_S3R.7",4186,48.248040571692
10,"MM2F_S3R","MM2F_S3R.10",0,0
12,"MM2F_S3R","MM2F_S3R.10",0,0
13,"MM2F_S3R","MM2F_S3R.10",0,0
15,"MM2F_S3R","MM2F_S3R.10",0,0
16,"MM2F_S3R","MM2F_S3R.10",0,0
17,"MM2F_S3R","MM2F_S3R.10",0,0
18,"MM2F_S3R","MM2F_S3R.10",0,0
19,"MM2F_S3R","MM2F_S3R.10",0,0
2,"MM2F_S3R","MM2F_S3R.10",0,0
20,"MM2F_S3R","MM2F_S3R.10",0,0
21,"MM2F_S3R","MM2F_S3R.10",0,0
23,"MM2F_S3R","MM2F_S3R.10",0,0
24,"MM2F_S3R","MM2F_S3R.10",0,0
25,"MM2F_S3R","MM2F_S3R.10",0,0
26,"MM2F_S3R","MM2F_S3R.10",0,0
27,"MM2F_S3R","MM2F_S3R.10",0,0
28,"MM2F_S3R","MM2F_S3R.10",0,0
29,"MM2F_S3R","MM2F_S3R.10",0,0
30,"MM2F_S3R","MM2F_S3R.10",0,0
31,"MM2F_S3R","MM2F_S3R.10",0,0
32,"MM2F_S3R","MM2F_S3R.10",0,0
34,"MM2F_S3R","MM2F_S3R.10",0,0
36,"MM2F_S3R","MM2F_S3R.10",0,0
37,"MM2F_S3R","MM2F_S3R.10",0,0
38,"MM2F_S3R","MM2F_S3R.10",0,0
39,"MM2F_S3R","MM2F_S3R.10",0,0
4,"MM2F_S3R","MM2F_S3R.10",0,0
40,"MM2F_S3R","MM2F_S3R.10",1647,69.172616547669
42,"MM2F_S3R","MM2F_S3R.10",0,0
44,"MM2F_S3R","MM2F_S3R.10",0,0
45,"MM2F_S3R","MM2F_S3R.10",0,0
46,"MM2F_S3R","MM2F_S3R.10",4074,50.7726819541376
47,"MM2F_S3R","MM2F_S3R.10",0,0
48,"MM2F_S3R","MM2F_S3R.10",0,0
49,"MM2F_S3R","MM2F_S3R.10",0,0
5,"MM2F_S3R","MM2F_S3R.10",0,0
50,"MM2F_S3R","MM2F_S3R.10",0,0
51,"MM2F_S3R","MM2F_S3R.10",0,0
52,"MM2F_S3R","MM2F_S3R.10",0,0
53,"MM2F_S3R","MM2F_S3R.10",0,0
54,"MM2F_S3R","MM2F_S3R.10",0,0
55,"MM2F_S3R","MM2F_S3R.10",0,0
56,"MM2F_S3R","MM2F_S3R.10",2578,49.9709245977903
57,"MM2F_S3R","MM2F_S3R.10",0,0
58,"MM2F_S3R","MM2F_S3R.10",3333,51.3559322033898
59,"MM2F_S3R","MM2F_S3R.10",0,0
6,"MM2F_S3R","MM2F_S3R.10",0,0
60,"MM2F_S3R","MM2F_S3R.10",0,0
61,"MM2F_S3R","MM2F_S3R.10",0,0
62,"MM2F_S3R","MM2F_S3R.10",0,0
63,"MM2F_S3R","MM2F_S3R.10",2968,50.2284650533085
66,"MM2F_S3R","MM2F_S3R.10",0,0
67,"MM2F_S3R","MM2F_S3R.10",0,0
68,"MM2F_S3R","MM2F_S3R.10",3210,50.148414310264
69,"MM2F_S3R","MM2F_S3R.10",0,0
7,"MM2F_S3R","MM2F_S3R.10",5605,50.2555366269165
70,"MM2F_S3R","MM2F_S3R.10",7093,67.810707456979
71,"MM2F_S3R","MM2F_S3R.10",4392,48.0735551663748
72,"MM2F_S3R","MM2F_S3R.10",0,0
73,"MM2F_S3R","MM2F_S3R.10",0,0
74,"MM2F_S3R","MM2F_S3R.10",0,0
75,"MM2F_S3R","MM2F_S3R.10",0,0
76,"MM2F_S3R","MM2F_S3R.10",0,0
77,"MM2F_S3R","MM2F_S3R.10",0,0
78,"MM2F_S3R","MM2F_S3R.10",4774,49.3181818181818
79,"MM2F_S3R","MM2F_S3R.10",0,0
8,"MM2F_S3R","MM2F_S3R.10",0,0
80,"MM2F_S3R","MM2F_S3R.10",0,0
81,"MM2F_S3R","MM2F_S3R.10",0,0
82,"MM2F_S3R","MM2F_S3R.10",0,0
84,"MM2F_S3R","MM2F_S3R.10",0,0
85,"MM2F_S3R","MM2F_S3R.10",0,0
87,"MM2F_S3R","MM2F_S3R.10",0,0
90,"MM2F_S3R","MM2F_S3R.10",0,0
91,"MM2F_S3R","MM2F_S3R.10",0,0
92,"MM2F_S3R","MM2F_S3R.10",0,0
93,"MM2F_S3R","MM2F_S3R.10",4092,51.9091716351643
95,"MM2F_S3R","MM2F_S3R.10",0,0
10,"MM2F_S3R","MM2F_S3R.11",0,0
12,"MM2F_S3R","MM2F_S3R.11",0,0
13,"MM2F_S3R","MM2F_S3R.11",5180,48.8494907582045
15,"MM2F_S3R","MM2F_S3R.11",0,0
16,"MM2F_S3R","MM2F_S3R.11",0,0
17,"MM2F_S3R","MM2F_S3R.11",768,40.6779661016949
18,"MM2F_S3R","MM2F_S3R.11",12324,50.8940739211233
19,"MM2F_S3R","MM2F_S3R.11",0,0
2,"MM2F_S3R","MM2F_S3R.11",0,0
20,"MM2F_S3R","MM2F_S3R.11",0,0
21,"MM2F_S3R","MM2F_S3R.11",0,0
23,"MM2F_S3R","MM2F_S3R.11",0,0
24,"MM2F_S3R","MM2F_S3R.11",0,0
25,"MM2F_S3R","MM2F_S3R.11",0,0
26,"MM2F_S3R","MM2F_S3R.11",0,0
27,"MM2F_S3R","MM2F_S3R.11",0,0
28,"MM2F_S3R","MM2F_S3R.11",0,0
29,"MM2F_S3R","MM2F_S3R.11",0,0
30,"MM2F_S3R","MM2F_S3R.11",0,0
31,"MM2F_S3R","MM2F_S3R.11",0,0
32,"MM2F_S3R","MM2F_S3R.11",0,0
34,"MM2F_S3R","MM2F_S3R.11",0,0
36,"MM2F_S3R","MM2F_S3R.11",0,0
37,"MM2F_S3R","MM2F_S3R.11",0,0
38,"MM2F_S3R","MM2F_S3R.11",0,0
39,"MM2F_S3R","MM2F_S3R.11",0,0
4,"MM2F_S3R","MM2F_S3R.11",0,0
40,"MM2F_S3R","MM2F_S3R.11",0,0
42,"MM2F_S3R","MM2F_S3R.11",3743,52.503857483518
44,"MM2F_S3R","MM2F_S3R.11",0,0
45,"MM2F_S3R","MM2F_S3R.11",4555,50.962183933766
46,"MM2F_S3R","MM2F_S3R.11",0,0
47,"MM2F_S3R","MM2F_S3R.11",0,0
48,"MM2F_S3R","MM2F_S3R.11",0,0
49,"MM2F_S3R","MM2F_S3R.11",0,0
5,"MM2F_S3R","MM2F_S3R.11",0,0
50,"MM2F_S3R","MM2F_S3R.11",0,0
51,"MM2F_S3R","MM2F_S3R.11",0,0
52,"MM2F_S3R","MM2F_S3R.11",0,0
53,"MM2F_S3R","MM2F_S3R.11",0,0
54,"MM2F_S3R","MM2F_S3R.11",2392,51.3856068743287
55,"MM2F_S3R","MM2F_S3R.11",0,0
56,"MM2F_S3R","MM2F_S3R.11",0,0
57,"MM2F_S3R","MM2F_S3R.11",0,0
58,"MM2F_S3R","MM2F_S3R.11",0,0
59,"MM2F_S3R","MM2F_S3R.11",2808,52.2613065326633
6,"MM2F_S3R","MM2F_S3R.11",0,0
60,"MM2F_S3R","MM2F_S3R.11",0,0
61,"MM2F_S3R","MM2F_S3R.11",5949,49.1693528390776
62,"MM2F_S3R","MM2F_S3R.11",0,0
63,"MM2F_S3R","MM2F_S3R.11",0,0
66,"MM2F_S3R","MM2F_S3R.11",0,0
67,"MM2F_S3R","MM2F_S3R.11",0,0
68,"MM2F_S3R","MM2F_S3R.11",0,0
69,"MM2F_S3R","MM2F_S3R.11",0,0
7,"MM2F_S3R","MM2F_S3R.11",0,0
70,"MM2F_S3R","MM2F_S3R.11",0,0
71,"MM2F_S3R","MM2F_S3R.11",0,0
72,"MM2F_S3R","MM2F_S3R.11",0,0
73,"MM2F_S3R","MM2F_S3R.11",0,0
74,"MM2F_S3R","MM2F_S3R.11",0,0
75,"MM2F_S3R","MM2F_S3R.11",0,0
76,"MM2F_S3R","MM2F_S3R.11",0,0
77,"MM2F_S3R","MM2F_S3R.11",0,0
78,"MM2F_S3R","MM2F_S3R.11",0,0
79,"MM2F_S3R","MM2F_S3R.11",0,0
8,"MM2F_S3R","MM2F_S3R.11",0,0
80,"MM2F_S3R","MM2F_S3R.11",0,0
81,"MM2F_S3R","MM2F_S3R.11",0,0
82,"MM2F_S3R","MM2F_S3R.11",0,0
84,"MM2F_S3R","MM2F_S3R.11",0,0
85,"MM2F_S3R","MM2F_S3R.11",0,0
87,"MM2F_S3R","MM2F_S3R.11",0,0
90,"MM2F_S3R","MM2F_S3R.11",0,0
91,"MM2F_S3R","MM2F_S3R.11",0,0
92,"MM2F_S3R","MM2F_S3R.11",0,0
93,"MM2F_S3R","MM2F_S3R.11",0,0
95,"MM2F_S3R","MM2F_S3R.11",0,0
10,"MM2F_S3R","MM2F_S3R.13",0,0
12,"MM2F_S3R","MM2F_S3R.13",0,0
13,"MM2F_S3R","MM2F_S3R.13",0,0
15,"MM2F_S3R","MM2F_S3R.13",0,0
16,"MM2F_S3R","MM2F_S3R.13",0,0
17,"MM2F_S3R","MM2F_S3R.13",0,0
18,"MM2F_S3R","MM2F_S3R.13",0,0
19,"MM2F_S3R","MM2F_S3R.13",0,0
2,"MM2F_S3R","MM2F_S3R.13",2822,48.9081455805893
20,"MM2F_S3R","MM2F_S3R.13",0,0
21,"MM2F_S3R","MM2F_S3R.13",0,0
23,"MM2F_S3R","MM2F_S3R.13",0,0
24,"MM2F_S3R","MM2F_S3R.13",0,0
25,"MM2F_S3R","MM2F_S3R.13",0,0
26,"MM2F_S3R","MM2F_S3R.13",0,0
27,"MM2F_S3R","MM2F_S3R.13",4187,47.2520031599142
28,"MM2F_S3R","MM2F_S3R.13",0,0
29,"MM2F_S3R","MM2F_S3R.13",0,0
30,"MM2F_S3R","MM2F_S3R.13",0,0
31,"MM2F_S3R","MM2F_S3R.13",0,0
32,"MM2F_S3R","MM2F_S3R.13",0,0
34,"MM2F_S3R","MM2F_S3R.13",7867,48.5168054270737
36,"MM2F_S3R","MM2F_S3R.13",0,0
37,"MM2F_S3R","MM2F_S3R.13",0,0
38,"MM2F_S3R","MM2F_S3R.13",0,0
39,"MM2F_S3R","MM2F_S3R.13",0,0
4,"MM2F_S3R","MM2F_S3R.13",10780,48.6198809309039
40,"MM2F_S3R","MM2F_S3R.13",0,0
42,"MM2F_S3R","MM2F_S3R.13",0,0
44,"MM2F_S3R","MM2F_S3R.13",0,0
45,"MM2F_S3R","MM2F_S3R.13",0,0
46,"MM2F_S3R","MM2F_S3R.13",0,0
47,"MM2F_S3R","MM2F_S3R.13",0,0
48,"MM2F_S3R","MM2F_S3R.13",0,0
49,"MM2F_S3R","MM2F_S3R.13",0,0
5,"MM2F_S3R","MM2F_S3R.13",0,0
50,"MM2F_S3R","MM2F_S3R.13",0,0
51,"MM2F_S3R","MM2F_S3R.13",0,0
52,"MM2F_S3R","MM2F_S3R.13",0,0
53,"MM2F_S3R","MM2F_S3R.13",0,0
54,"MM2F_S3R","MM2F_S3R.13",0,0
55,"MM2F_S3R","MM2F_S3R.13",0,0
56,"MM2F_S3R","MM2F_S3R.13",0,0
57,"MM2F_S3R","MM2F_S3R.13",0,0
58,"MM2F_S3R","MM2F_S3R.13",0,0
59,"MM2F_S3R","MM2F_S3R.13",0,0
6,"MM2F_S3R","MM2F_S3R.13",2274,51.1470985155196
60,"MM2F_S3R","MM2F_S3R.13",0,0
61,"MM2F_S3R","MM2F_S3R.13",0,0
62,"MM2F_S3R","MM2F_S3R.13",0,0
63,"MM2F_S3R","MM2F_S3R.13",0,0
66,"MM2F_S3R","MM2F_S3R.13",0,0
67,"MM2F_S3R","MM2F_S3R.13",0,0
68,"MM2F_S3R","MM2F_S3R.13",0,0
69,"MM2F_S3R","MM2F_S3R.13",0,0
7,"MM2F_S3R","MM2F_S3R.13",0,0
70,"MM2F_S3R","MM2F_S3R.13",0,0
71,"MM2F_S3R","MM2F_S3R.13",0,0
72,"MM2F_S3R","MM2F_S3R.13",0,0
73,"MM2F_S3R","MM2F_S3R.13",0,0
74,"MM2F_S3R","MM2F_S3R.13",0,0
75,"MM2F_S3R","MM2F_S3R.13",0,0
76,"MM2F_S3R","MM2F_S3R.13",0,0
77,"MM2F_S3R","MM2F_S3R.13",0,0
78,"MM2F_S3R","MM2F_S3R.13",0,0
79,"MM2F_S3R","MM2F_S3R.13",0,0
8,"MM2F_S3R","MM2F_S3R.13",0,0
80,"MM2F_S3R","MM2F_S3R.13",0,0
81,"MM2F_S3R","MM2F_S3R.13",0,0
82,"MM2F_S3R","MM2F_S3R.13",0,0
84,"MM2F_S3R","MM2F_S3R.13",0,0
85,"MM2F_S3R","MM2F_S3R.13",0,0
87,"MM2F_S3R","MM2F_S3R.13",0,0
90,"MM2F_S3R","MM2F_S3R.13",0,0
91,"MM2F_S3R","MM2F_S3R.13",0,0
92,"MM2F_S3R","MM2F_S3R.13",0,0
93,"MM2F_S3R","MM2F_S3R.13",0,0
95,"MM2F_S3R","MM2F_S3R.13",0,0
10,"MM2F_S3R","MM2F_S3R.15",0,0
12,"MM2F_S3R","MM2F_S3R.15",0,0
13,"MM2F_S3R","MM2F_S3R.15",0,0
15,"MM2F_S3R","MM2F_S3R.15",0,0
16,"MM2F_S3R","MM2F_S3R.15",0,0
17,"MM2F_S3R","MM2F_S3R.15",1120,59.3220338983051
18,"MM2F_S3R","MM2F_S3R.15",0,0
19,"MM2F_S3R","MM2F_S3R.15",0,0
2,"MM2F_S3R","MM2F_S3R.15",0,0
20,"MM2F_S3R","MM2F_S3R.15",6077,48.5849056603774
21,"MM2F_S3R","MM2F_S3R.15",0,0
23,"MM2F_S3R","MM2F_S3R.15",0,0
24,"MM2F_S3R","MM2F_S3R.15",0,0
25,"MM2F_S3R","MM2F_S3R.15",0,0
26,"MM2F_S3R","MM2F_S3R.15",0,0
27,"MM2F_S3R","MM2F_S3R.15",0,0
28,"MM2F_S3R","MM2F_S3R.15",0,0
29,"MM2F_S3R","MM2F_S3R.15",0,0
30,"MM2F_S3R","MM2F_S3R.15",0,0
31,"MM2F_S3R","MM2F_S3R.15",0,0
32,"MM2F_S3R","MM2F_S3R.15",0,0
34,"MM2F_S3R","MM2F_S3R.15",0,0
36,"MM2F_S3R","MM2F_S3R.15",0,0
37,"MM2F_S3R","MM2F_S3R.15",0,0
38,"MM2F_S3R","MM2F_S3R.15",0,0
39,"MM2F_S3R","MM2F_S3R.15",0,0
4,"MM2F_S3R","MM2F_S3R.15",0,0
40,"MM2F_S3R","MM2F_S3R.15",0,0
42,"MM2F_S3R","MM2F_S3R.15",0,0
44,"MM2F_S3R","MM2F_S3R.15",0,0
45,"MM2F_S3R","MM2F_S3R.15",0,0
46,"MM2F_S3R","MM2F_S3R.15",0,0
47,"MM2F_S3R","MM2F_S3R.15",0,0
48,"MM2F_S3R","MM2F_S3R.15",0,0
49,"MM2F_S3R","MM2F_S3R.15",0,0
5,"MM2F_S3R","MM2F_S3R.15",4318,47.8289765175011
50,"MM2F_S3R","MM2F_S3R.15",0,0
51,"MM2F_S3R","MM2F_S3R.15",0,0
52,"MM2F_S3R","MM2F_S3R.15",0,0
53,"MM2F_S3R","MM2F_S3R.15",0,0
54,"MM2F_S3R","MM2F_S3R.15",0,0
55,"MM2F_S3R","MM2F_S3R.15",0,0
56,"MM2F_S3R","MM2F_S3R.15",0,0
57,"MM2F_S3R","MM2F_S3R.15",0,0
58,"MM2F_S3R","MM2F_S3R.15",0,0
59,"MM2F_S3R","MM2F_S3R.15",0,0
6,"MM2F_S3R","MM2F_S3R.15",0,0
60,"MM2F_S3R","MM2F_S3R.15",0,0
61,"MM2F_S3R","MM2F_S3R.15",0,0
62,"MM2F_S3R","MM2F_S3R.15",0,0
63,"MM2F_S3R","MM2F_S3R.15",0,0
66,"MM2F_S3R","MM2F_S3R.15",0,0
67,"MM2F_S3R","MM2F_S3R.15",6091,47.9040503342509
68,"MM2F_S3R","MM2F_S3R.15",0,0
69,"MM2F_S3R","MM2F_S3R.15",0,0
7,"MM2F_S3R","MM2F_S3R.15",0,0
70,"MM2F_S3R","MM2F_S3R.15",0,0
71,"MM2F_S3R","MM2F_S3R.15",0,0
72,"MM2F_S3R","MM2F_S3R.15",3275,49.1520336184902
73,"MM2F_S3R","MM2F_S3R.15",0,0
74,"MM2F_S3R","MM2F_S3R.15",0,0
75,"MM2F_S3R","MM2F_S3R.15",0,0
76,"MM2F_S3R","MM2F_S3R.15",0,0
77,"MM2F_S3R","MM2F_S3R.15",0,0
78,"MM2F_S3R","MM2F_S3R.15",0,0
79,"MM2F_S3R","MM2F_S3R.15",0,0
8,"MM2F_S3R","MM2F_S3R.15",0,0
80,"MM2F_S3R","MM2F_S3R.15",0,0
81,"MM2F_S3R","MM2F_S3R.15",0,0
82,"MM2F_S3R","MM2F_S3R.15",0,0
84,"MM2F_S3R","MM2F_S3R.15",0,0
85,"MM2F_S3R","MM2F_S3R.15",0,0
87,"MM2F_S3R","MM2F_S3R.15",0,0
90,"MM2F_S3R","MM2F_S3R.15",0,0
91,"MM2F_S3R","MM2F_S3R.15",0,0
92,"MM2F_S3R","MM2F_S3R.15",3611,96.7837041007773
93,"MM2F_S3R","MM2F_S3R.15",0,0
95,"MM2F_S3R","MM2F_S3R.15",0,0
10,"MM2F_S3R","MM2F_S3R.17",0,0
12,"MM2F_S3R","MM2F_S3R.17",0,0
13,"MM2F_S3R","MM2F_S3R.17",0,0
15,"MM2F_S3R","MM2F_S3R.17",0,0
16,"MM2F_S3R","MM2F_S3R.17",0,0
17,"MM2F_S3R","MM2F_S3R.17",0,0
18,"MM2F_S3R","MM2F_S3R.17",0,0
19,"MM2F_S3R","MM2F_S3R.17",0,0
2,"MM2F_S3R","MM2F_S3R.17",0,0
20,"MM2F_S3R","MM2F_S3R.17",0,0
21,"MM2F_S3R","MM2F_S3R.17",0,0
23,"MM2F_S3R","MM2F_S3R.17",0,0
24,"MM2F_S3R","MM2F_S3R.17",0,0
25,"MM2F_S3R","MM2F_S3R.17",0,0
26,"MM2F_S3R","MM2F_S3R.17",0,0
27,"MM2F_S3R","MM2F_S3R.17",0,0
28,"MM2F_S3R","MM2F_S3R.17",0,0
29,"MM2F_S3R","MM2F_S3R.17",0,0
30,"MM2F_S3R","MM2F_S3R.17",0,0
31,"MM2F_S3R","MM2F_S3R.17",0,0
32,"MM2F_S3R","MM2F_S3R.17",0,0
34,"MM2F_S3R","MM2F_S3R.17",0,0
36,"MM2F_S3R","MM2F_S3R.17",0,0
37,"MM2F_S3R","MM2F_S3R.17",0,0
38,"MM2F_S3R","MM2F_S3R.17",0,0
39,"MM2F_S3R","MM2F_S3R.17",0,0
4,"MM2F_S3R","MM2F_S3R.17",0,0
40,"MM2F_S3R","MM2F_S3R.17",0,0
42,"MM2F_S3R","MM2F_S3R.17",0,0
44,"MM2F_S3R","MM2F_S3R.17",3446,50.7511045655376
45,"MM2F_S3R","MM2F_S3R.17",0,0
46,"MM2F_S3R","MM2F_S3R.17",0,0
47,"MM2F_S3R","MM2F_S3R.17",0,0
48,"MM2F_S3R","MM2F_S3R.17",0,0
49,"MM2F_S3R","MM2F_S3R.17",0,0
5,"MM2F_S3R","MM2F_S3R.17",0,0
50,"MM2F_S3R","MM2F_S3R.17",0,0
51,"MM2F_S3R","MM2F_S3R.17",0,0
52,"MM2F_S3R","MM2F_S3R.17",0,0
53,"MM2F_S3R","MM2F_S3R.17",0,0
54,"MM2F_S3R","MM2F_S3R.17",0,0
55,"MM2F_S3R","MM2F_S3R.17",2562,48.8
56,"MM2F_S3R","MM2F_S3R.17",0,0
57,"MM2F_S3R","MM2F_S3R.17",0,0
58,"MM2F_S3R","MM2F_S3R.17",0,0
59,"MM2F_S3R","MM2F_S3R.17",0,0
6,"MM2F_S3R","MM2F_S3R.17",0,0
60,"MM2F_S3R","MM2F_S3R.17",0,0
61,"MM2F_S3R","MM2F_S3R.17",5922,48.9461939003224
62,"MM2F_S3R","MM2F_S3R.17",0,0
63,"MM2F_S3R","MM2F_S3R.17",0,0
66,"MM2F_S3R","MM2F_S3R.17",0,0
67,"MM2F_S3R","MM2F_S3R.17",0,0
68,"MM2F_S3R","MM2F_S3R.17",0,0
69,"MM2F_S3R","MM2F_S3R.17",0,0
7,"MM2F_S3R","MM2F_S3R.17",0,0
70,"MM2F_S3R","MM2F_S3R.17",0,0
71,"MM2F_S3R","MM2F_S3R.17",0,0
72,"MM2F_S3R","MM2F_S3R.17",0,0
73,"MM2F_S3R","MM2F_S3R.17",0,0
74,"MM2F_S3R","MM2F_S3R.17",0,0
75,"MM2F_S3R","MM2F_S3R.17",0,0
76,"MM2F_S3R","MM2F_S3R.17",0,0
77,"MM2F_S3R","MM2F_S3R.17",0,0
78,"MM2F_S3R","MM2F_S3R.17",0,0
79,"MM2F_S3R","MM2F_S3R.17",0,0
8,"MM2F_S3R","MM2F_S3R.17",0,0
80,"MM2F_S3R","MM2F_S3R.17",7150,51.0787255322189
81,"MM2F_S3R","MM2F_S3R.17",0,0
82,"MM2F_S3R","MM2F_S3R.17",0,0
84,"MM2F_S3R","MM2F_S3R.17",0,0
85,"MM2F_S3R","MM2F_S3R.17",0,0
87,"MM2F_S3R","MM2F_S3R.17",0,0
90,"MM2F_S3R","MM2F_S3R.17",0,0
91,"MM2F_S3R","MM2F_S3R.17",0,0
92,"MM2F_S3R","MM2F_S3R.17",0,0
93,"MM2F_S3R","MM2F_S3R.17",0,0
95,"MM2F_S3R","MM2F_S3R.17",0,0
10,"MM2F_S3R","MM2F_S3R.19",0,0
12,"MM2F_S3R","MM2F_S3R.19",0,0
13,"MM2F_S3R","MM2F_S3R.19",0,0
15,"MM2F_S3R","MM2F_S3R.19",0,0
16,"MM2F_S3R","MM2F_S3R.19",0,0
17,"MM2F_S3R","MM2F_S3R.19",0,0
18,"MM2F_S3R","MM2F_S3R.19",0,0
19,"MM2F_S3R","MM2F_S3R.19",0,0
2,"MM2F_S3R","MM2F_S3R.19",0,0
20,"MM2F_S3R","MM2F_S3R.19",0,0
21,"MM2F_S3R","MM2F_S3R.19",0,0
23,"MM2F_S3R","MM2F_S3R.19",0,0
24,"MM2F_S3R","MM2F_S3R.19",4770,94.831013916501
25,"MM2F_S3R","MM2F_S3R.19",0,0
26,"MM2F_S3R","MM2F_S3R.19",0,0
27,"MM2F_S3R","MM2F_S3R.19",0,0
28,"MM2F_S3R","MM2F_S3R.19",0,0
29,"MM2F_S3R","MM2F_S3R.19",0,0
30,"MM2F_S3R","MM2F_S3R.19",0,0
31,"MM2F_S3R","MM2F_S3R.19",0,0
32,"MM2F_S3R","MM2F_S3R.19",0,0
34,"MM2F_S3R","MM2F_S3R.19",0,0
36,"MM2F_S3R","MM2F_S3R.19",0,0
37,"MM2F_S3R","MM2F_S3R.19",0,0
38,"MM2F_S3R","MM2F_S3R.19",0,0
39,"MM2F_S3R","MM2F_S3R.19",0,0
4,"MM2F_S3R","MM2F_S3R.19",0,0
40,"MM2F_S3R","MM2F_S3R.19",0,0
42,"MM2F_S3R","MM2F_S3R.19",0,0
44,"MM2F_S3R","MM2F_S3R.19",0,0
45,"MM2F_S3R","MM2F_S3R.19",0,0
46,"MM2F_S3R","MM2F_S3R.19",0,0
47,"MM2F_S3R","MM2F_S3R.19",0,0
48,"MM2F_S3R","MM2F_S3R.19",0,0
49,"MM2F_S3R","MM2F_S3R.19",0,0
5,"MM2F_S3R","MM2F_S3R.19",0,0
50,"MM2F_S3R","MM2F_S3R.19",0,0
51,"MM2F_S3R","MM2F_S3R.19",0,0
52,"MM2F_S3R","MM2F_S3R.19",0,0
53,"MM2F_S3R","MM2F_S3R.19",0,0
54,"MM2F_S3R","MM2F_S3R.19",0,0
55,"MM2F_S3R","MM2F_S3R.19",0,0
56,"MM2F_S3R","MM2F_S3R.19",0,0
57,"MM2F_S3R","MM2F_S3R.19",0,0
58,"MM2F_S3R","MM2F_S3R.19",0,0
59,"MM2F_S3R","MM2F_S3R.19",0,0
6,"MM2F_S3R","MM2F_S3R.19",0,0
60,"MM2F_S3R","MM2F_S3R.19",0,0
61,"MM2F_S3R","MM2F_S3R.19",0,0
62,"MM2F_S3R","MM2F_S3R.19",0,0
63,"MM2F_S3R","MM2F_S3R.19",0,0
66,"MM2F_S3R","MM2F_S3R.19",0,0
67,"MM2F_S3R","MM2F_S3R.19",0,0
68,"MM2F_S3R","MM2F_S3R.19",0,0
69,"MM2F_S3R","MM2F_S3R.19",0,0
7,"MM2F_S3R","MM2F_S3R.19",0,0
70,"MM2F_S3R","MM2F_S3R.19",0,0
71,"MM2F_S3R","MM2F_S3R.19",0,0
72,"MM2F_S3R","MM2F_S3R.19",0,0
73,"MM2F_S3R","MM2F_S3R.19",0,0
74,"MM2F_S3R","MM2F_S3R.19",0,0
75,"MM2F_S3R","MM2F_S3R.19",0,0
76,"MM2F_S3R","MM2F_S3R.19",0,0
77,"MM2F_S3R","MM2F_S3R.19",0,0
78,"MM2F_S3R","MM2F_S3R.19",0,0
79,"MM2F_S3R","MM2F_S3R.19",0,0
8,"MM2F_S3R","MM2F_S3R.19",0,0
80,"MM2F_S3R","MM2F_S3R.19",0,0
81,"MM2F_S3R","MM2F_S3R.19",0,0
82,"MM2F_S3R","MM2F_S3R.19",0,0
84,"MM2F_S3R","MM2F_S3R.19",0,0
85,"MM2F_S3R","MM2F_S3R.19",4005,31.4808992296809
87,"MM2F_S3R","MM2F_S3R.19",0,0
90,"MM2F_S3R","MM2F_S3R.19",0,0
91,"MM2F_S3R","MM2F_S3R.19",2974,31.5476821894558
92,"MM2F_S3R","MM2F_S3R.19",0,0
93,"MM2F_S3R","MM2F_S3R.19",0,0
95,"MM2F_S3R","MM2F_S3R.19",0,0
10,"MM2F_S3R","MM2F_S3R.21",0,0
12,"MM2F_S3R","MM2F_S3R.21",0,0
13,"MM2F_S3R","MM2F_S3R.21",0,0
15,"MM2F_S3R","MM2F_S3R.21",0,0
16,"MM2F_S3R","MM2F_S3R.21",0,0
17,"MM2F_S3R","MM2F_S3R.21",0,0
18,"MM2F_S3R","MM2F_S3R.21",0,0
19,"MM2F_S3R","MM2F_S3R.21",0,0
2,"MM2F_S3R","MM2F_S3R.21",0,0
20,"MM2F_S3R","MM2F_S3R.21",0,0
21,"MM2F_S3R","MM2F_S3R.21",0,0
23,"MM2F_S3R","MM2F_S3R.21",0,0
24,"MM2F_S3R","MM2F_S3R.21",0,0
25,"MM2F_S3R","MM2F_S3R.21",0,0
26,"MM2F_S3R","MM2F_S3R.21",0,0
27,"MM2F_S3R","MM2F_S3R.21",0,0
28,"MM2F_S3R","MM2F_S3R.21",0,0
29,"MM2F_S3R","MM2F_S3R.21",0,0
30,"MM2F_S3R","MM2F_S3R.21",0,0
31,"MM2F_S3R","MM2F_S3R.21",0,0
32,"MM2F_S3R","MM2F_S3R.21",0,0
34,"MM2F_S3R","MM2F_S3R.21",0,0
36,"MM2F_S3R","MM2F_S3R.21",0,0
37,"MM2F_S3R","MM2F_S3R.21",0,0
38,"MM2F_S3R","MM2F_S3R.21",0,0
39,"MM2F_S3R","MM2F_S3R.21",0,0
4,"MM2F_S3R","MM2F_S3R.21",0,0
40,"MM2F_S3R","MM2F_S3R.21",0,0
42,"MM2F_S3R","MM2F_S3R.21",0,0
44,"MM2F_S3R","MM2F_S3R.21",0,0
45,"MM2F_S3R","MM2F_S3R.21",0,0
46,"MM2F_S3R","MM2F_S3R.21",0,0
47,"MM2F_S3R","MM2F_S3R.21",0,0
48,"MM2F_S3R","MM2F_S3R.21",0,0
49,"MM2F_S3R","MM2F_S3R.21",0,0
5,"MM2F_S3R","MM2F_S3R.21",0,0
50,"MM2F_S3R","MM2F_S3R.21",0,0
51,"MM2F_S3R","MM2F_S3R.21",0,0
52,"MM2F_S3R","MM2F_S3R.21",0,0
53,"MM2F_S3R","MM2F_S3R.21",0,0
54,"MM2F_S3R","MM2F_S3R.21",0,0
55,"MM2F_S3R","MM2F_S3R.21",0,0
56,"MM2F_S3R","MM2F_S3R.21",0,0
57,"MM2F_S3R","MM2F_S3R.21",0,0
58,"MM2F_S3R","MM2F_S3R.21",0,0
59,"MM2F_S3R","MM2F_S3R.21",0,0
6,"MM2F_S3R","MM2F_S3R.21",0,0
60,"MM2F_S3R","MM2F_S3R.21",0,0
61,"MM2F_S3R","MM2F_S3R.21",0,0
62,"MM2F_S3R","MM2F_S3R.21",0,0
63,"MM2F_S3R","MM2F_S3R.21",0,0
66,"MM2F_S3R","MM2F_S3R.21",0,0
67,"MM2F_S3R","MM2F_S3R.21",0,0
68,"MM2F_S3R","MM2F_S3R.21",0,0
69,"MM2F_S3R","MM2F_S3R.21",0,0
7,"MM2F_S3R","MM2F_S3R.21",0,0
70,"MM2F_S3R","MM2F_S3R.21",0,0
71,"MM2F_S3R","MM2F_S3R.21",0,0
72,"MM2F_S3R","MM2F_S3R.21",0,0
73,"MM2F_S3R","MM2F_S3R.21",0,0
74,"MM2F_S3R","MM2F_S3R.21",0,0
75,"MM2F_S3R","MM2F_S3R.21",0,0
76,"MM2F_S3R","MM2F_S3R.21",0,0
77,"MM2F_S3R","MM2F_S3R.21",0,0
78,"MM2F_S3R","MM2F_S3R.21",4757,49.1425619834711
79,"MM2F_S3R","MM2F_S3R.21",0,0
8,"MM2F_S3R","MM2F_S3R.21",0,0
80,"MM2F_S3R","MM2F_S3R.21",0,0
81,"MM2F_S3R","MM2F_S3R.21",2158,49.4273934951901
82,"MM2F_S3R","MM2F_S3R.21",0,0
84,"MM2F_S3R","MM2F_S3R.21",3160,49.7402801825909
85,"MM2F_S3R","MM2F_S3R.21",0,0
87,"MM2F_S3R","MM2F_S3R.21",0,0
90,"MM2F_S3R","MM2F_S3R.21",0,0
91,"MM2F_S3R","MM2F_S3R.21",0,0
92,"MM2F_S3R","MM2F_S3R.21",0,0
93,"MM2F_S3R","MM2F_S3R.21",0,0
95,"MM2F_S3R","MM2F_S3R.21",0,0
10,"MM2F_S3R","MM2F_S3R.23",0,0
12,"MM2F_S3R","MM2F_S3R.23",0,0
13,"MM2F_S3R","MM2F_S3R.23",0,0
15,"MM2F_S3R","MM2F_S3R.23",0,0
16,"MM2F_S3R","MM2F_S3R.23",0,0
17,"MM2F_S3R","MM2F_S3R.23",0,0
18,"MM2F_S3R","MM2F_S3R.23",0,0
19,"MM2F_S3R","MM2F_S3R.23",0,0
2,"MM2F_S3R","MM2F_S3R.23",0,0
20,"MM2F_S3R","MM2F_S3R.23",0,0
21,"MM2F_S3R","MM2F_S3R.23",0,0
23,"MM2F_S3R","MM2F_S3R.23",0,0
24,"MM2F_S3R","MM2F_S3R.23",0,0
25,"MM2F_S3R","MM2F_S3R.23",0,0
26,"MM2F_S3R","MM2F_S3R.23",0,0
27,"MM2F_S3R","MM2F_S3R.23",0,0
28,"MM2F_S3R","MM2F_S3R.23",0,0
29,"MM2F_S3R","MM2F_S3R.23",0,0
30,"MM2F_S3R","MM2F_S3R.23",0,0
31,"MM2F_S3R","MM2F_S3R.23",0,0
32,"MM2F_S3R","MM2F_S3R.23",0,0
34,"MM2F_S3R","MM2F_S3R.23",0,0
36,"MM2F_S3R","MM2F_S3R.23",0,0
37,"MM2F_S3R","MM2F_S3R.23",0,0
38,"MM2F_S3R","MM2F_S3R.23",0,0
39,"MM2F_S3R","MM2F_S3R.23",0,0
4,"MM2F_S3R","MM2F_S3R.23",0,0
40,"MM2F_S3R","MM2F_S3R.23",0,0
42,"MM2F_S3R","MM2F_S3R.23",0,0
44,"MM2F_S3R","MM2F_S3R.23",0,0
45,"MM2F_S3R","MM2F_S3R.23",0,0
46,"MM2F_S3R","MM2F_S3R.23",0,0
47,"MM2F_S3R","MM2F_S3R.23",0,0
48,"MM2F_S3R","MM2F_S3R.23",0,0
49,"MM2F_S3R","MM2F_S3R.23",0,0
5,"MM2F_S3R","MM2F_S3R.23",0,0
50,"MM2F_S3R","MM2F_S3R.23",0,0
51,"MM2F_S3R","MM2F_S3R.23",0,0
52,"MM2F_S3R","MM2F_S3R.23",0,0
53,"MM2F_S3R","MM2F_S3R.23",0,0
54,"MM2F_S3R","MM2F_S3R.23",0,0
55,"MM2F_S3R","MM2F_S3R.23",0,0
56,"MM2F_S3R","MM2F_S3R.23",0,0
57,"MM2F_S3R","MM2F_S3R.23",0,0
58,"MM2F_S3R","MM2F_S3R.23",0,0
59,"MM2F_S3R","MM2F_S3R.23",0,0
6,"MM2F_S3R","MM2F_S3R.23",0,0
60,"MM2F_S3R","MM2F_S3R.23",0,0
61,"MM2F_S3R","MM2F_S3R.23",0,0
62,"MM2F_S3R","MM2F_S3R.23",0,0
63,"MM2F_S3R","MM2F_S3R.23",0,0
66,"MM2F_S3R","MM2F_S3R.23",7406,49.2780624126689
67,"MM2F_S3R","MM2F_S3R.23",0,0
68,"MM2F_S3R","MM2F_S3R.23",0,0
69,"MM2F_S3R","MM2F_S3R.23",0,0
7,"MM2F_S3R","MM2F_S3R.23",0,0
70,"MM2F_S3R","MM2F_S3R.23",0,0
71,"MM2F_S3R","MM2F_S3R.23",0,0
72,"MM2F_S3R","MM2F_S3R.23",0,0
73,"MM2F_S3R","MM2F_S3R.23",0,0
74,"MM2F_S3R","MM2F_S3R.23",0,0
75,"MM2F_S3R","MM2F_S3R.23",0,0
76,"MM2F_S3R","MM2F_S3R.23",0,0
77,"MM2F_S3R","MM2F_S3R.23",0,0
78,"MM2F_S3R","MM2F_S3R.23",0,0
79,"MM2F_S3R","MM2F_S3R.23",0,0
8,"MM2F_S3R","MM2F_S3R.23",0,0
80,"MM2F_S3R","MM2F_S3R.23",0,0
81,"MM2F_S3R","MM2F_S3R.23",0,0
82,"MM2F_S3R","MM2F_S3R.23",0,0
84,"MM2F_S3R","MM2F_S3R.23",0,0
85,"MM2F_S3R","MM2F_S3R.23",0,0
87,"MM2F_S3R","MM2F_S3R.23",0,0
90,"MM2F_S3R","MM2F_S3R.23",0,0
91,"MM2F_S3R","MM2F_S3R.23",0,0
92,"MM2F_S3R","MM2F_S3R.23",0,0
93,"MM2F_S3R","MM2F_S3R.23",0,0
95,"MM2F_S3R","MM2F_S3R.23",0,0
10,"MM2F_S3R","MM2F_S3R.25",0,0
12,"MM2F_S3R","MM2F_S3R.25",0,0
13,"MM2F_S3R","MM2F_S3R.25",0,0
15,"MM2F_S3R","MM2F_S3R.25",0,0
16,"MM2F_S3R","MM2F_S3R.25",6947,49.3991324752898
17,"MM2F_S3R","MM2F_S3R.25",0,0
18,"MM2F_S3R","MM2F_S3R.25",0,0
19,"MM2F_S3R","MM2F_S3R.25",0,0
2,"MM2F_S3R","MM2F_S3R.25",0,0
20,"MM2F_S3R","MM2F_S3R.25",0,0
21,"MM2F_S3R","MM2F_S3R.25",0,0
23,"MM2F_S3R","MM2F_S3R.25",0,0
24,"MM2F_S3R","MM2F_S3R.25",0,0
25,"MM2F_S3R","MM2F_S3R.25",0,0
26,"MM2F_S3R","MM2F_S3R.25",0,0
27,"MM2F_S3R","MM2F_S3R.25",0,0
28,"MM2F_S3R","MM2F_S3R.25",0,0
29,"MM2F_S3R","MM2F_S3R.25",0,0
30,"MM2F_S3R","MM2F_S3R.25",0,0
31,"MM2F_S3R","MM2F_S3R.25",0,0
32,"MM2F_S3R","MM2F_S3R.25",0,0
34,"MM2F_S3R","MM2F_S3R.25",0,0
36,"MM2F_S3R","MM2F_S3R.25",0,0
37,"MM2F_S3R","MM2F_S3R.25",0,0
38,"MM2F_S3R","MM2F_S3R.25",0,0
39,"MM2F_S3R","MM2F_S3R.25",0,0
4,"MM2F_S3R","MM2F_S3R.25",0,0
40,"MM2F_S3R","MM2F_S3R.25",0,0
42,"MM2F_S3R","MM2F_S3R.25",0,0
44,"MM2F_S3R","MM2F_S3R.25",0,0
45,"MM2F_S3R","MM2F_S3R.25",0,0
46,"MM2F_S3R","MM2F_S3R.25",0,0
47,"MM2F_S3R","MM2F_S3R.25",0,0
48,"MM2F_S3R","MM2F_S3R.25",0,0
49,"MM2F_S3R","MM2F_S3R.25",0,0
5,"MM2F_S3R","MM2F_S3R.25",0,0
50,"MM2F_S3R","MM2F_S3R.25",0,0
51,"MM2F_S3R","MM2F_S3R.25",0,0
52,"MM2F_S3R","MM2F_S3R.25",0,0
53,"MM2F_S3R","MM2F_S3R.25",0,0
54,"MM2F_S3R","MM2F_S3R.25",0,0
55,"MM2F_S3R","MM2F_S3R.25",0,0
56,"MM2F_S3R","MM2F_S3R.25",0,0
57,"MM2F_S3R","MM2F_S3R.25",0,0
58,"MM2F_S3R","MM2F_S3R.25",0,0
59,"MM2F_S3R","MM2F_S3R.25",0,0
6,"MM2F_S3R","MM2F_S3R.25",0,0
60,"MM2F_S3R","MM2F_S3R.25",0,0
61,"MM2F_S3R","MM2F_S3R.25",0,0
62,"MM2F_S3R","MM2F_S3R.25",0,0
63,"MM2F_S3R","MM2F_S3R.25",0,0
66,"MM2F_S3R","MM2F_S3R.25",0,0
67,"MM2F_S3R","MM2F_S3R.25",0,0
68,"MM2F_S3R","MM2F_S3R.25",0,0
69,"MM2F_S3R","MM2F_S3R.25",0,0
7,"MM2F_S3R","MM2F_S3R.25",0,0
70,"MM2F_S3R","MM2F_S3R.25",0,0
71,"MM2F_S3R","MM2F_S3R.25",0,0
72,"MM2F_S3R","MM2F_S3R.25",0,0
73,"MM2F_S3R","MM2F_S3R.25",0,0
74,"MM2F_S3R","MM2F_S3R.25",0,0
75,"MM2F_S3R","MM2F_S3R.25",0,0
76,"MM2F_S3R","MM2F_S3R.25",0,0
77,"MM2F_S3R","MM2F_S3R.25",0,0
78,"MM2F_S3R","MM2F_S3R.25",0,0
79,"MM2F_S3R","MM2F_S3R.25",0,0
8,"MM2F_S3R","MM2F_S3R.25",0,0
80,"MM2F_S3R","MM2F_S3R.25",0,0
81,"MM2F_S3R","MM2F_S3R.25",0,0
82,"MM2F_S3R","MM2F_S3R.25",0,0
84,"MM2F_S3R","MM2F_S3R.25",0,0
85,"MM2F_S3R","MM2F_S3R.25",0,0
87,"MM2F_S3R","MM2F_S3R.25",0,0
90,"MM2F_S3R","MM2F_S3R.25",0,0
91,"MM2F_S3R","MM2F_S3R.25",0,0
92,"MM2F_S3R","MM2F_S3R.25",0,0
93,"MM2F_S3R","MM2F_S3R.25",0,0
95,"MM2F_S3R","MM2F_S3R.25",0,0
10,"MM2F_S3R","MM2F_S3R.27",36,0.579336981010621
12,"MM2F_S3R","MM2F_S3R.27",63,0.579896907216495
13,"MM2F_S3R","MM2F_S3R.27",0,0
15,"MM2F_S3R","MM2F_S3R.27",0,0
16,"MM2F_S3R","MM2F_S3R.27",0,0
17,"MM2F_S3R","MM2F_S3R.27",0,0
18,"MM2F_S3R","MM2F_S3R.27",159,0.656617798884989
19,"MM2F_S3R","MM2F_S3R.27",0,0
2,"MM2F_S3R","MM2F_S3R.27",0,0
20,"MM2F_S3R","MM2F_S3R.27",97,0.775503677646306
21,"MM2F_S3R","MM2F_S3R.27",0,0
23,"MM2F_S3R","MM2F_S3R.27",0,0
24,"MM2F_S3R","MM2F_S3R.27",0,0
25,"MM2F_S3R","MM2F_S3R.27",0,0
26,"MM2F_S3R","MM2F_S3R.27",208,1.51980125675873
27,"MM2F_S3R","MM2F_S3R.27",0,0
28,"MM2F_S3R","MM2F_S3R.27",94,0.740040938434892
29,"MM2F_S3R","MM2F_S3R.27",0,0
30,"MM2F_S3R","MM2F_S3R.27",0,0
31,"MM2F_S3R","MM2F_S3R.27",0,0
32,"MM2F_S3R","MM2F_S3R.27",0,0
34,"MM2F_S3R","MM2F_S3R.27",135,0.832562442183164
36,"MM2F_S3R","MM2F_S3R.27",72,1.40268848626534
37,"MM2F_S3R","MM2F_S3R.27",63,0.700778642936596
38,"MM2F_S3R","MM2F_S3R.27",0,0
39,"MM2F_S3R","MM2F_S3R.27",55,0.733920469709101
4,"MM2F_S3R","MM2F_S3R.27",0,0
40,"MM2F_S3R","MM2F_S3R.27",0,0
42,"MM2F_S3R","MM2F_S3R.27",0,0
44,"MM2F_S3R","MM2F_S3R.27",0,0
45,"MM2F_S3R","MM2F_S3R.27",68,0.760796598791676
46,"MM2F_S3R","MM2F_S3R.27",42,0.523429710867398
47,"MM2F_S3R","MM2F_S3R.27",0,0
48,"MM2F_S3R","MM2F_S3R.27",0,0
49,"MM2F_S3R","MM2F_S3R.27",0,0
5,"MM2F_S3R","MM2F_S3R.27",0,0
50,"MM2F_S3R","MM2F_S3R.27",0,0
51,"MM2F_S3R","MM2F_S3R.27",0,0
52,"MM2F_S3R","MM2F_S3R.27",148,1.37623209968384
53,"MM2F_S3R","MM2F_S3R.27",0,0
54,"MM2F_S3R","MM2F_S3R.27",32,0.687432867883996
55,"MM2F_S3R","MM2F_S3R.27",35,0.666666666666667
56,"MM2F_S3R","MM2F_S3R.27",0,0
57,"MM2F_S3R","MM2F_S3R.27",66,0.62624537432394
58,"MM2F_S3R","MM2F_S3R.27",36,0.554699537750385
59,"MM2F_S3R","MM2F_S3R.27",0,0
6,"MM2F_S3R","MM2F_S3R.27",29,0.652271704903284
60,"MM2F_S3R","MM2F_S3R.27",98,0.865342163355408
61,"MM2F_S3R","MM2F_S3R.27",0,0
62,"MM2F_S3R","MM2F_S3R.27",59,0.607934054611025
63,"MM2F_S3R","MM2F_S3R.27",46,0.778473514977153
66,"MM2F_S3R","MM2F_S3R.27",0,0
67,"MM2F_S3R","MM2F_S3R.27",0,0
68,"MM2F_S3R","MM2F_S3R.27",48,0.749882830807686
69,"MM2F_S3R","MM2F_S3R.27",0,0
7,"MM2F_S3R","MM2F_S3R.27",70,0.627633820496727
70,"MM2F_S3R","MM2F_S3R.27",0,0
71,"MM2F_S3R","MM2F_S3R.27",0,0
72,"MM2F_S3R","MM2F_S3R.27",48,0.720396217919856
73,"MM2F_S3R","MM2F_S3R.27",0,0
74,"MM2F_S3R","MM2F_S3R.27",0,0
75,"MM2F_S3R","MM2F_S3R.27",329,1.40370338766106
76,"MM2F_S3R","MM2F_S3R.27",120,1.31348511383538
77,"MM2F_S3R","MM2F_S3R.27",45,1.59857904085258
78,"MM2F_S3R","MM2F_S3R.27",0,0
79,"MM2F_S3R","MM2F_S3R.27",129,0.68755996162456
8,"MM2F_S3R","MM2F_S3R.27",90,0.656407264240391
80,"MM2F_S3R","MM2F_S3R.27",0,0
81,"MM2F_S3R","MM2F_S3R.27",0,0
82,"MM2F_S3R","MM2F_S3R.27",217,1.5274160625044
84,"MM2F_S3R","MM2F_S3R.27",0,0
85,"MM2F_S3R","MM2F_S3R.27",123,0.966829114919038
87,"MM2F_S3R","MM2F_S3R.27",0,0
90,"MM2F_S3R","MM2F_S3R.27",90,0.741106719367589
91,"MM2F_S3R","MM2F_S3R.27",91,0.965312400551607
92,"MM2F_S3R","MM2F_S3R.27",0,0
93,"MM2F_S3R","MM2F_S3R.27",57,0.723074971457567
95,"MM2F_S3R","MM2F_S3R.27",78,0.899031811894882
10,"MM2F_S3R","MM2F_S3R.28",0,0
12,"MM2F_S3R","MM2F_S3R.28",77,0.708762886597938
13,"MM2F_S3R","MM2F_S3R.28",76,0.716710675216899
15,"MM2F_S3R","MM2F_S3R.28",76,0.738222438076736
16,"MM2F_S3R","MM2F_S3R.28",105,0.746640119462419
17,"MM2F_S3R","MM2F_S3R.28",0,0
18,"MM2F_S3R","MM2F_S3R.28",0,0
19,"MM2F_S3R","MM2F_S3R.28",184,1.27326828593177
2,"MM2F_S3R","MM2F_S3R.28",37,0.641247833622184
20,"MM2F_S3R","MM2F_S3R.28",0,0
21,"MM2F_S3R","MM2F_S3R.28",48,1.1054813450023
23,"MM2F_S3R","MM2F_S3R.28",0,0
24,"MM2F_S3R","MM2F_S3R.28",0,0
25,"MM2F_S3R","MM2F_S3R.28",0,0
26,"MM2F_S3R","MM2F_S3R.28",0,0
27,"MM2F_S3R","MM2F_S3R.28",0,0
28,"MM2F_S3R","MM2F_S3R.28",0,0
29,"MM2F_S3R","MM2F_S3R.28",0,0
30,"MM2F_S3R","MM2F_S3R.28",108,1.3172338090011
31,"MM2F_S3R","MM2F_S3R.28",173,0.675042921804277
32,"MM2F_S3R","MM2F_S3R.28",68,1.30819545979223
34,"MM2F_S3R","MM2F_S3R.28",0,0
36,"MM2F_S3R","MM2F_S3R.28",0,0
37,"MM2F_S3R","MM2F_S3R.28",0,0
38,"MM2F_S3R","MM2F_S3R.28",0,0
39,"MM2F_S3R","MM2F_S3R.28",46,0.613824392847612
4,"MM2F_S3R","MM2F_S3R.28",150,0.676528955439293
40,"MM2F_S3R","MM2F_S3R.28",0,0
42,"MM2F_S3R","MM2F_S3R.28",47,0.659279001262449
44,"MM2F_S3R","MM2F_S3R.28",0,0
45,"MM2F_S3R","MM2F_S3R.28",0,0
46,"MM2F_S3R","MM2F_S3R.28",0,0
47,"MM2F_S3R","MM2F_S3R.28",64,1.43304970891178
48,"MM2F_S3R","MM2F_S3R.28",0,0
49,"MM2F_S3R","MM2F_S3R.28",0,0
5,"MM2F_S3R","MM2F_S3R.28",63,0.697828976517501
50,"MM2F_S3R","MM2F_S3R.28",65,1.2512030798845
51,"MM2F_S3R","MM2F_S3R.28",0,0
52,"MM2F_S3R","MM2F_S3R.28",0,0
53,"MM2F_S3R","MM2F_S3R.28",207,1.25652543401724
54,"MM2F_S3R","MM2F_S3R.28",0,0
55,"MM2F_S3R","MM2F_S3R.28",0,0
56,"MM2F_S3R","MM2F_S3R.28",40,0.775344058926148
57,"MM2F_S3R","MM2F_S3R.28",0,0
58,"MM2F_S3R","MM2F_S3R.28",0,0
59,"MM2F_S3R","MM2F_S3R.28",0,0
6,"MM2F_S3R","MM2F_S3R.28",0,0
60,"MM2F_S3R","MM2F_S3R.28",0,0
61,"MM2F_S3R","MM2F_S3R.28",0,0
62,"MM2F_S3R","MM2F_S3R.28",69,0.71097372488408
63,"MM2F_S3R","MM2F_S3R.28",0,0
66,"MM2F_S3R","MM2F_S3R.28",0,0
67,"MM2F_S3R","MM2F_S3R.28",0,0
68,"MM2F_S3R","MM2F_S3R.28",0,0
69,"MM2F_S3R","MM2F_S3R.28",0,0
7,"MM2F_S3R","MM2F_S3R.28",0,0
70,"MM2F_S3R","MM2F_S3R.28",0,0
71,"MM2F_S3R","MM2F_S3R.28",0,0
72,"MM2F_S3R","MM2F_S3R.28",0,0
73,"MM2F_S3R","MM2F_S3R.28",0,0
74,"MM2F_S3R","MM2F_S3R.28",68,0.613829211048926
75,"MM2F_S3R","MM2F_S3R.28",0,0
76,"MM2F_S3R","MM2F_S3R.28",0,0
77,"MM2F_S3R","MM2F_S3R.28",0,0
78,"MM2F_S3R","MM2F_S3R.28",0,0
79,"MM2F_S3R","MM2F_S3R.28",123,0.655580428525744
8,"MM2F_S3R","MM2F_S3R.28",0,0
80,"MM2F_S3R","MM2F_S3R.28",0,0
81,"MM2F_S3R","MM2F_S3R.28",37,0.847457627118644
82,"MM2F_S3R","MM2F_S3R.28",0,0
84,"MM2F_S3R","MM2F_S3R.28",47,0.739807964741067
85,"MM2F_S3R","MM2F_S3R.28",0,0
87,"MM2F_S3R","MM2F_S3R.28",81,0.77742585660812
90,"MM2F_S3R","MM2F_S3R.28",0,0
91,"MM2F_S3R","MM2F_S3R.28",0,0
92,"MM2F_S3R","MM2F_S3R.28",0,0
93,"MM2F_S3R","MM2F_S3R.28",0,0
95,"MM2F_S3R","MM2F_S3R.28",0,0
10,"MM2F_S3R","MM2F_S3R.29",53,0.85291277759897
12,"MM2F_S3R","MM2F_S3R.29",0,0
13,"MM2F_S3R","MM2F_S3R.29",0,0
15,"MM2F_S3R","MM2F_S3R.29",0,0
16,"MM2F_S3R","MM2F_S3R.29",0,0
17,"MM2F_S3R","MM2F_S3R.29",0,0
18,"MM2F_S3R","MM2F_S3R.29",0,0
19,"MM2F_S3R","MM2F_S3R.29",0,0
2,"MM2F_S3R","MM2F_S3R.29",0,0
20,"MM2F_S3R","MM2F_S3R.29",0,0
21,"MM2F_S3R","MM2F_S3R.29",0,0
23,"MM2F_S3R","MM2F_S3R.29",256,1.28960757644451
24,"MM2F_S3R","MM2F_S3R.29",0,0
25,"MM2F_S3R","MM2F_S3R.29",0,0
26,"MM2F_S3R","MM2F_S3R.29",0,0
27,"MM2F_S3R","MM2F_S3R.29",62,0.699695293984878
28,"MM2F_S3R","MM2F_S3R.29",0,0
29,"MM2F_S3R","MM2F_S3R.29",0,0
30,"MM2F_S3R","MM2F_S3R.29",0,0
31,"MM2F_S3R","MM2F_S3R.29",154,0.600905259872015
32,"MM2F_S3R","MM2F_S3R.29",0,0
34,"MM2F_S3R","MM2F_S3R.29",0,0
36,"MM2F_S3R","MM2F_S3R.29",0,0
37,"MM2F_S3R","MM2F_S3R.29",74,0.82313681868743
38,"MM2F_S3R","MM2F_S3R.29",0,0
39,"MM2F_S3R","MM2F_S3R.29",0,0
4,"MM2F_S3R","MM2F_S3R.29",0,0
40,"MM2F_S3R","MM2F_S3R.29",0,0
42,"MM2F_S3R","MM2F_S3R.29",0,0
44,"MM2F_S3R","MM2F_S3R.29",0,0
45,"MM2F_S3R","MM2F_S3R.29",0,0
46,"MM2F_S3R","MM2F_S3R.29",0,0
47,"MM2F_S3R","MM2F_S3R.29",0,0
48,"MM2F_S3R","MM2F_S3R.29",34,1.06482931412465
49,"MM2F_S3R","MM2F_S3R.29",0,0
5,"MM2F_S3R","MM2F_S3R.29",0,0
50,"MM2F_S3R","MM2F_S3R.29",0,0
51,"MM2F_S3R","MM2F_S3R.29",46,1.06333795654184
52,"MM2F_S3R","MM2F_S3R.29",0,0
53,"MM2F_S3R","MM2F_S3R.29",0,0
54,"MM2F_S3R","MM2F_S3R.29",0,0
55,"MM2F_S3R","MM2F_S3R.29",0,0
56,"MM2F_S3R","MM2F_S3R.29",0,0
57,"MM2F_S3R","MM2F_S3R.29",0,0
58,"MM2F_S3R","MM2F_S3R.29",0,0
59,"MM2F_S3R","MM2F_S3R.29",0,0
6,"MM2F_S3R","MM2F_S3R.29",0,0
60,"MM2F_S3R","MM2F_S3R.29",0,0
61,"MM2F_S3R","MM2F_S3R.29",0,0
62,"MM2F_S3R","MM2F_S3R.29",0,0
63,"MM2F_S3R","MM2F_S3R.29",0,0
66,"MM2F_S3R","MM2F_S3R.29",80,0.532304211857076
67,"MM2F_S3R","MM2F_S3R.29",86,0.676366496264255
68,"MM2F_S3R","MM2F_S3R.29",0,0
69,"MM2F_S3R","MM2F_S3R.29",36,0.903841325633944
7,"MM2F_S3R","MM2F_S3R.29",0,0
70,"MM2F_S3R","MM2F_S3R.29",0,0
71,"MM2F_S3R","MM2F_S3R.29",73,0.799036777583187
72,"MM2F_S3R","MM2F_S3R.29",0,0
73,"MM2F_S3R","MM2F_S3R.29",74,1.20776889179044
74,"MM2F_S3R","MM2F_S3R.29",83,0.749232713486189
75,"MM2F_S3R","MM2F_S3R.29",0,0
76,"MM2F_S3R","MM2F_S3R.29",0,0
77,"MM2F_S3R","MM2F_S3R.29",0,0
78,"MM2F_S3R","MM2F_S3R.29",0,0
79,"MM2F_S3R","MM2F_S3R.29",0,0
8,"MM2F_S3R","MM2F_S3R.29",0,0
80,"MM2F_S3R","MM2F_S3R.29",0,0
81,"MM2F_S3R","MM2F_S3R.29",0,0
82,"MM2F_S3R","MM2F_S3R.29",0,0
84,"MM2F_S3R","MM2F_S3R.29",0,0
85,"MM2F_S3R","MM2F_S3R.29",0,0
87,"MM2F_S3R","MM2F_S3R.29",69,0.662251655629139
90,"MM2F_S3R","MM2F_S3R.29",74,0.60935441370224
91,"MM2F_S3R","MM2F_S3R.29",0,0
92,"MM2F_S3R","MM2F_S3R.29",0,0
93,"MM2F_S3R","MM2F_S3R.29",0,0
95,"MM2F_S3R","MM2F_S3R.29",0,0
10,"MM2F_S3R","MM2F_S3R.30",0,0
12,"MM2F_S3R","MM2F_S3R.30",0,0
13,"MM2F_S3R","MM2F_S3R.30",0,0
15,"MM2F_S3R","MM2F_S3R.30",70,0.679941719281204
16,"MM2F_S3R","MM2F_S3R.30",0,0
17,"MM2F_S3R","MM2F_S3R.30",0,0
18,"MM2F_S3R","MM2F_S3R.30",0,0
19,"MM2F_S3R","MM2F_S3R.30",0,0
2,"MM2F_S3R","MM2F_S3R.30",0,0
20,"MM2F_S3R","MM2F_S3R.30",0,0
21,"MM2F_S3R","MM2F_S3R.30",0,0
23,"MM2F_S3R","MM2F_S3R.30",0,0
24,"MM2F_S3R","MM2F_S3R.30",0,0
25,"MM2F_S3R","MM2F_S3R.30",0,0
26,"MM2F_S3R","MM2F_S3R.30",0,0
27,"MM2F_S3R","MM2F_S3R.30",0,0
28,"MM2F_S3R","MM2F_S3R.30",85,0.669185954967722
29,"MM2F_S3R","MM2F_S3R.30",0,0
30,"MM2F_S3R","MM2F_S3R.30",0,0
31,"MM2F_S3R","MM2F_S3R.30",0,0
32,"MM2F_S3R","MM2F_S3R.30",0,0
34,"MM2F_S3R","MM2F_S3R.30",0,0
36,"MM2F_S3R","MM2F_S3R.30",0,0
37,"MM2F_S3R","MM2F_S3R.30",0,0
38,"MM2F_S3R","MM2F_S3R.30",0,0
39,"MM2F_S3R","MM2F_S3R.30",0,0
4,"MM2F_S3R","MM2F_S3R.30",0,0
40,"MM2F_S3R","MM2F_S3R.30",0,0
42,"MM2F_S3R","MM2F_S3R.30",0,0
44,"MM2F_S3R","MM2F_S3R.30",38,0.559646539027982
45,"MM2F_S3R","MM2F_S3R.30",0,0
46,"MM2F_S3R","MM2F_S3R.30",0,0
47,"MM2F_S3R","MM2F_S3R.30",0,0
48,"MM2F_S3R","MM2F_S3R.30",0,0
49,"MM2F_S3R","MM2F_S3R.30",0,0
5,"MM2F_S3R","MM2F_S3R.30",0,0
50,"MM2F_S3R","MM2F_S3R.30",0,0
51,"MM2F_S3R","MM2F_S3R.30",0,0
52,"MM2F_S3R","MM2F_S3R.30",0,0
53,"MM2F_S3R","MM2F_S3R.30",0,0
54,"MM2F_S3R","MM2F_S3R.30",0,0
55,"MM2F_S3R","MM2F_S3R.30",0,0
56,"MM2F_S3R","MM2F_S3R.30",0,0
57,"MM2F_S3R","MM2F_S3R.30",77,0.73061960337793
58,"MM2F_S3R","MM2F_S3R.30",0,0
59,"MM2F_S3R","MM2F_S3R.30",36,0.670016750418761
6,"MM2F_S3R","MM2F_S3R.30",0,0
60,"MM2F_S3R","MM2F_S3R.30",62,0.547461368653422
61,"MM2F_S3R","MM2F_S3R.30",0,0
62,"MM2F_S3R","MM2F_S3R.30",0,0
63,"MM2F_S3R","MM2F_S3R.30",0,0
66,"MM2F_S3R","MM2F_S3R.30",0,0
67,"MM2F_S3R","MM2F_S3R.30",0,0
68,"MM2F_S3R","MM2F_S3R.30",0,0
69,"MM2F_S3R","MM2F_S3R.30",0,0
7,"MM2F_S3R","MM2F_S3R.30",0,0
70,"MM2F_S3R","MM2F_S3R.30",0,0
71,"MM2F_S3R","MM2F_S3R.30",0,0
72,"MM2F_S3R","MM2F_S3R.30",0,0
73,"MM2F_S3R","MM2F_S3R.30",0,0
74,"MM2F_S3R","MM2F_S3R.30",0,0
75,"MM2F_S3R","MM2F_S3R.30",0,0
76,"MM2F_S3R","MM2F_S3R.30",0,0
77,"MM2F_S3R","MM2F_S3R.30",0,0
78,"MM2F_S3R","MM2F_S3R.30",0,0
79,"MM2F_S3R","MM2F_S3R.30",0,0
8,"MM2F_S3R","MM2F_S3R.30",83,0.605353365910583
80,"MM2F_S3R","MM2F_S3R.30",84,0.600085726532362
81,"MM2F_S3R","MM2F_S3R.30",0,0
82,"MM2F_S3R","MM2F_S3R.30",0,0
84,"MM2F_S3R","MM2F_S3R.30",0,0
85,"MM2F_S3R","MM2F_S3R.30",0,0
87,"MM2F_S3R","MM2F_S3R.30",0,0
90,"MM2F_S3R","MM2F_S3R.30",0,0
91,"MM2F_S3R","MM2F_S3R.30",0,0
92,"MM2F_S3R","MM2F_S3R.30",0,0
93,"MM2F_S3R","MM2F_S3R.30",0,0
95,"MM2F_S3R","MM2F_S3R.30",41,0.472568003688336
10,"MM2F_S3R","MM2F_S3R.31",0,0
12,"MM2F_S3R","MM2F_S3R.31",0,0
13,"MM2F_S3R","MM2F_S3R.31",0,0
15,"MM2F_S3R","MM2F_S3R.31",0,0
16,"MM2F_S3R","MM2F_S3R.31",0,0
17,"MM2F_S3R","MM2F_S3R.31",0,0
18,"MM2F_S3R","MM2F_S3R.31",0,0
19,"MM2F_S3R","MM2F_S3R.31",0,0
2,"MM2F_S3R","MM2F_S3R.31",0,0
20,"MM2F_S3R","MM2F_S3R.31",0,0
21,"MM2F_S3R","MM2F_S3R.31",0,0
23,"MM2F_S3R","MM2F_S3R.31",0,0
24,"MM2F_S3R","MM2F_S3R.31",0,0
25,"MM2F_S3R","MM2F_S3R.31",0,0
26,"MM2F_S3R","MM2F_S3R.31",0,0
27,"MM2F_S3R","MM2F_S3R.31",0,0
28,"MM2F_S3R","MM2F_S3R.31",0,0
29,"MM2F_S3R","MM2F_S3R.31",0,0
30,"MM2F_S3R","MM2F_S3R.31",0,0
31,"MM2F_S3R","MM2F_S3R.31",0,0
32,"MM2F_S3R","MM2F_S3R.31",0,0
34,"MM2F_S3R","MM2F_S3R.31",0,0
36,"MM2F_S3R","MM2F_S3R.31",0,0
37,"MM2F_S3R","MM2F_S3R.31",0,0
38,"MM2F_S3R","MM2F_S3R.31",0,0
39,"MM2F_S3R","MM2F_S3R.31",0,0
4,"MM2F_S3R","MM2F_S3R.31",0,0
40,"MM2F_S3R","MM2F_S3R.31",0,0
42,"MM2F_S3R","MM2F_S3R.31",0,0
44,"MM2F_S3R","MM2F_S3R.31",0,0
45,"MM2F_S3R","MM2F_S3R.31",0,0
46,"MM2F_S3R","MM2F_S3R.31",59,0.735294117647059
47,"MM2F_S3R","MM2F_S3R.31",0,0
48,"MM2F_S3R","MM2F_S3R.31",0,0
49,"MM2F_S3R","MM2F_S3R.31",0,0
5,"MM2F_S3R","MM2F_S3R.31",0,0
50,"MM2F_S3R","MM2F_S3R.31",0,0
51,"MM2F_S3R","MM2F_S3R.31",0,0
52,"MM2F_S3R","MM2F_S3R.31",0,0
53,"MM2F_S3R","MM2F_S3R.31",0,0
54,"MM2F_S3R","MM2F_S3R.31",0,0
55,"MM2F_S3R","MM2F_S3R.31",0,0
56,"MM2F_S3R","MM2F_S3R.31",41,0.794727660399302
57,"MM2F_S3R","MM2F_S3R.31",0,0
58,"MM2F_S3R","MM2F_S3R.31",46,0.708782742681048
59,"MM2F_S3R","MM2F_S3R.31",0,0
6,"MM2F_S3R","MM2F_S3R.31",0,0
60,"MM2F_S3R","MM2F_S3R.31",0,0
61,"MM2F_S3R","MM2F_S3R.31",0,0
62,"MM2F_S3R","MM2F_S3R.31",0,0
63,"MM2F_S3R","MM2F_S3R.31",50,0.846166864105602
66,"MM2F_S3R","MM2F_S3R.31",0,0
67,"MM2F_S3R","MM2F_S3R.31",0,0
68,"MM2F_S3R","MM2F_S3R.31",39,0.609279800031245
69,"MM2F_S3R","MM2F_S3R.31",0,0
7,"MM2F_S3R","MM2F_S3R.31",64,0.573836635882722
70,"MM2F_S3R","MM2F_S3R.31",83,0.793499043977055
71,"MM2F_S3R","MM2F_S3R.31",65,0.711471103327496
72,"MM2F_S3R","MM2F_S3R.31",0,0
73,"MM2F_S3R","MM2F_S3R.31",0,0
74,"MM2F_S3R","MM2F_S3R.31",0,0
75,"MM2F_S3R","MM2F_S3R.31",0,0
76,"MM2F_S3R","MM2F_S3R.31",0,0
77,"MM2F_S3R","MM2F_S3R.31",0,0
78,"MM2F_S3R","MM2F_S3R.31",73,0.754132231404959
79,"MM2F_S3R","MM2F_S3R.31",0,0
8,"MM2F_S3R","MM2F_S3R.31",0,0
80,"MM2F_S3R","MM2F_S3R.31",0,0
81,"MM2F_S3R","MM2F_S3R.31",0,0
82,"MM2F_S3R","MM2F_S3R.31",0,0
84,"MM2F_S3R","MM2F_S3R.31",0,0
85,"MM2F_S3R","MM2F_S3R.31",0,0
87,"MM2F_S3R","MM2F_S3R.31",0,0
90,"MM2F_S3R","MM2F_S3R.31",0,0
91,"MM2F_S3R","MM2F_S3R.31",0,0
92,"MM2F_S3R","MM2F_S3R.31",0,0
93,"MM2F_S3R","MM2F_S3R.31",55,0.697703919827477
95,"MM2F_S3R","MM2F_S3R.31",0,0
10,"MM2F_S3R","MM2F_S3R.32",0,0
12,"MM2F_S3R","MM2F_S3R.32",0,0
13,"MM2F_S3R","MM2F_S3R.32",78,0.735571482459449
15,"MM2F_S3R","MM2F_S3R.32",0,0
16,"MM2F_S3R","MM2F_S3R.32",0,0
17,"MM2F_S3R","MM2F_S3R.32",0,0
18,"MM2F_S3R","MM2F_S3R.32",159,0.656617798884989
19,"MM2F_S3R","MM2F_S3R.32",0,0
2,"MM2F_S3R","MM2F_S3R.32",0,0
20,"MM2F_S3R","MM2F_S3R.32",0,0
21,"MM2F_S3R","MM2F_S3R.32",0,0
23,"MM2F_S3R","MM2F_S3R.32",0,0
24,"MM2F_S3R","MM2F_S3R.32",0,0
25,"MM2F_S3R","MM2F_S3R.32",0,0
26,"MM2F_S3R","MM2F_S3R.32",0,0
27,"MM2F_S3R","MM2F_S3R.32",0,0
28,"MM2F_S3R","MM2F_S3R.32",0,0
29,"MM2F_S3R","MM2F_S3R.32",0,0
30,"MM2F_S3R","MM2F_S3R.32",0,0
31,"MM2F_S3R","MM2F_S3R.32",0,0
32,"MM2F_S3R","MM2F_S3R.32",0,0
34,"MM2F_S3R","MM2F_S3R.32",0,0
36,"MM2F_S3R","MM2F_S3R.32",0,0
37,"MM2F_S3R","MM2F_S3R.32",0,0
38,"MM2F_S3R","MM2F_S3R.32",0,0
39,"MM2F_S3R","MM2F_S3R.32",0,0
4,"MM2F_S3R","MM2F_S3R.32",0,0
40,"MM2F_S3R","MM2F_S3R.32",0,0
42,"MM2F_S3R","MM2F_S3R.32",44,0.617197362883995
44,"MM2F_S3R","MM2F_S3R.32",0,0
45,"MM2F_S3R","MM2F_S3R.32",63,0.704855672409935
46,"MM2F_S3R","MM2F_S3R.32",0,0
47,"MM2F_S3R","MM2F_S3R.32",0,0
48,"MM2F_S3R","MM2F_S3R.32",0,0
49,"MM2F_S3R","MM2F_S3R.32",0,0
5,"MM2F_S3R","MM2F_S3R.32",0,0
50,"MM2F_S3R","MM2F_S3R.32",0,0
51,"MM2F_S3R","MM2F_S3R.32",0,0
52,"MM2F_S3R","MM2F_S3R.32",0,0
53,"MM2F_S3R","MM2F_S3R.32",0,0
54,"MM2F_S3R","MM2F_S3R.32",38,0.816326530612245
55,"MM2F_S3R","MM2F_S3R.32",0,0
56,"MM2F_S3R","MM2F_S3R.32",0,0
57,"MM2F_S3R","MM2F_S3R.32",0,0
58,"MM2F_S3R","MM2F_S3R.32",0,0
59,"MM2F_S3R","MM2F_S3R.32",46,0.856132514423972
6,"MM2F_S3R","MM2F_S3R.32",0,0
60,"MM2F_S3R","MM2F_S3R.32",0,0
61,"MM2F_S3R","MM2F_S3R.32",105,0.867840317381602
62,"MM2F_S3R","MM2F_S3R.32",0,0
63,"MM2F_S3R","MM2F_S3R.32",0,0
66,"MM2F_S3R","MM2F_S3R.32",0,0
67,"MM2F_S3R","MM2F_S3R.32",0,0
68,"MM2F_S3R","MM2F_S3R.32",0,0
69,"MM2F_S3R","MM2F_S3R.32",0,0
7,"MM2F_S3R","MM2F_S3R.32",0,0
70,"MM2F_S3R","MM2F_S3R.32",0,0
71,"MM2F_S3R","MM2F_S3R.32",0,0
72,"MM2F_S3R","MM2F_S3R.32",0,0
73,"MM2F_S3R","MM2F_S3R.32",0,0
74,"MM2F_S3R","MM2F_S3R.32",0,0
75,"MM2F_S3R","MM2F_S3R.32",0,0
76,"MM2F_S3R","MM2F_S3R.32",0,0
77,"MM2F_S3R","MM2F_S3R.32",0,0
78,"MM2F_S3R","MM2F_S3R.32",0,0
79,"MM2F_S3R","MM2F_S3R.32",0,0
8,"MM2F_S3R","MM2F_S3R.32",0,0
80,"MM2F_S3R","MM2F_S3R.32",0,0
81,"MM2F_S3R","MM2F_S3R.32",0,0
82,"MM2F_S3R","MM2F_S3R.32",0,0
84,"MM2F_S3R","MM2F_S3R.32",0,0
85,"MM2F_S3R","MM2F_S3R.32",0,0
87,"MM2F_S3R","MM2F_S3R.32",0,0
90,"MM2F_S3R","MM2F_S3R.32",0,0
91,"MM2F_S3R","MM2F_S3R.32",0,0
92,"MM2F_S3R","MM2F_S3R.32",0,0
93,"MM2F_S3R","MM2F_S3R.32",0,0
95,"MM2F_S3R","MM2F_S3R.32",0,0
10,"MM2F_S3R","MM2F_S3R.33",0,0
12,"MM2F_S3R","MM2F_S3R.33",0,0
13,"MM2F_S3R","MM2F_S3R.33",0,0
15,"MM2F_S3R","MM2F_S3R.33",0,0
16,"MM2F_S3R","MM2F_S3R.33",0,0
17,"MM2F_S3R","MM2F_S3R.33",0,0
18,"MM2F_S3R","MM2F_S3R.33",0,0
19,"MM2F_S3R","MM2F_S3R.33",0,0
2,"MM2F_S3R","MM2F_S3R.33",52,0.901213171577123
20,"MM2F_S3R","MM2F_S3R.33",0,0
21,"MM2F_S3R","MM2F_S3R.33",0,0
23,"MM2F_S3R","MM2F_S3R.33",0,0
24,"MM2F_S3R","MM2F_S3R.33",0,0
25,"MM2F_S3R","MM2F_S3R.33",0,0
26,"MM2F_S3R","MM2F_S3R.33",0,0
27,"MM2F_S3R","MM2F_S3R.33",55,0.620697438212392
28,"MM2F_S3R","MM2F_S3R.33",0,0
29,"MM2F_S3R","MM2F_S3R.33",0,0
30,"MM2F_S3R","MM2F_S3R.33",0,0
31,"MM2F_S3R","MM2F_S3R.33",0,0
32,"MM2F_S3R","MM2F_S3R.33",0,0
34,"MM2F_S3R","MM2F_S3R.33",107,0.659882824545174
36,"MM2F_S3R","MM2F_S3R.33",0,0
37,"MM2F_S3R","MM2F_S3R.33",0,0
38,"MM2F_S3R","MM2F_S3R.33",0,0
39,"MM2F_S3R","MM2F_S3R.33",0,0
4,"MM2F_S3R","MM2F_S3R.33",161,0.726141078838174
40,"MM2F_S3R","MM2F_S3R.33",0,0
42,"MM2F_S3R","MM2F_S3R.33",0,0
44,"MM2F_S3R","MM2F_S3R.33",0,0
45,"MM2F_S3R","MM2F_S3R.33",0,0
46,"MM2F_S3R","MM2F_S3R.33",0,0
47,"MM2F_S3R","MM2F_S3R.33",0,0
48,"MM2F_S3R","MM2F_S3R.33",0,0
49,"MM2F_S3R","MM2F_S3R.33",0,0
5,"MM2F_S3R","MM2F_S3R.33",0,0
50,"MM2F_S3R","MM2F_S3R.33",0,0
51,"MM2F_S3R","MM2F_S3R.33",0,0
52,"MM2F_S3R","MM2F_S3R.33",0,0
53,"MM2F_S3R","MM2F_S3R.33",0,0
54,"MM2F_S3R","MM2F_S3R.33",0,0
55,"MM2F_S3R","MM2F_S3R.33",0,0
56,"MM2F_S3R","MM2F_S3R.33",0,0
57,"MM2F_S3R","MM2F_S3R.33",0,0
58,"MM2F_S3R","MM2F_S3R.33",0,0
59,"MM2F_S3R","MM2F_S3R.33",0,0
6,"MM2F_S3R","MM2F_S3R.33",32,0.719748088169141
60,"MM2F_S3R","MM2F_S3R.33",0,0
61,"MM2F_S3R","MM2F_S3R.33",0,0
62,"MM2F_S3R","MM2F_S3R.33",0,0
63,"MM2F_S3R","MM2F_S3R.33",0,0
66,"MM2F_S3R","MM2F_S3R.33",0,0
67,"MM2F_S3R","MM2F_S3R.33",0,0
68,"MM2F_S3R","MM2F_S3R.33",0,0
69,"MM2F_S3R","MM2F_S3R.33",0,0
7,"MM2F_S3R","MM2F_S3R.33",0,0
70,"MM2F_S3R","MM2F_S3R.33",0,0
71,"MM2F_S3R","MM2F_S3R.33",0,0
72,"MM2F_S3R","MM2F_S3R.33",0,0
73,"MM2F_S3R","MM2F_S3R.33",0,0
74,"MM2F_S3R","MM2F_S3R.33",0,0
75,"MM2F_S3R","MM2F_S3R.33",0,0
76,"MM2F_S3R","MM2F_S3R.33",0,0
77,"MM2F_S3R","MM2F_S3R.33",0,0
78,"MM2F_S3R","MM2F_S3R.33",0,0
79,"MM2F_S3R","MM2F_S3R.33",0,0
8,"MM2F_S3R","MM2F_S3R.33",0,0
80,"MM2F_S3R","MM2F_S3R.33",0,0
81,"MM2F_S3R","MM2F_S3R.33",0,0
82,"MM2F_S3R","MM2F_S3R.33",0,0
84,"MM2F_S3R","MM2F_S3R.33",0,0
85,"MM2F_S3R","MM2F_S3R.33",0,0
87,"MM2F_S3R","MM2F_S3R.33",0,0
90,"MM2F_S3R","MM2F_S3R.33",0,0
91,"MM2F_S3R","MM2F_S3R.33",0,0
92,"MM2F_S3R","MM2F_S3R.33",0,0
93,"MM2F_S3R","MM2F_S3R.33",0,0
95,"MM2F_S3R","MM2F_S3R.33",0,0
10,"MM2F_S3R","MM2F_S3R.34",0,0
12,"MM2F_S3R","MM2F_S3R.34",0,0
13,"MM2F_S3R","MM2F_S3R.34",0,0
15,"MM2F_S3R","MM2F_S3R.34",0,0
16,"MM2F_S3R","MM2F_S3R.34",0,0
17,"MM2F_S3R","MM2F_S3R.34",0,0
18,"MM2F_S3R","MM2F_S3R.34",0,0
19,"MM2F_S3R","MM2F_S3R.34",0,0
2,"MM2F_S3R","MM2F_S3R.34",0,0
20,"MM2F_S3R","MM2F_S3R.34",76,0.607611128877518
21,"MM2F_S3R","MM2F_S3R.34",0,0
23,"MM2F_S3R","MM2F_S3R.34",0,0
24,"MM2F_S3R","MM2F_S3R.34",0,0
25,"MM2F_S3R","MM2F_S3R.34",0,0
26,"MM2F_S3R","MM2F_S3R.34",0,0
27,"MM2F_S3R","MM2F_S3R.34",0,0
28,"MM2F_S3R","MM2F_S3R.34",0,0
29,"MM2F_S3R","MM2F_S3R.34",0,0
30,"MM2F_S3R","MM2F_S3R.34",0,0
31,"MM2F_S3R","MM2F_S3R.34",0,0
32,"MM2F_S3R","MM2F_S3R.34",0,0
34,"MM2F_S3R","MM2F_S3R.34",0,0
36,"MM2F_S3R","MM2F_S3R.34",0,0
37,"MM2F_S3R","MM2F_S3R.34",0,0
38,"MM2F_S3R","MM2F_S3R.34",0,0
39,"MM2F_S3R","MM2F_S3R.34",0,0
4,"MM2F_S3R","MM2F_S3R.34",0,0
40,"MM2F_S3R","MM2F_S3R.34",0,0
42,"MM2F_S3R","MM2F_S3R.34",0,0
44,"MM2F_S3R","MM2F_S3R.34",0,0
45,"MM2F_S3R","MM2F_S3R.34",0,0
46,"MM2F_S3R","MM2F_S3R.34",0,0
47,"MM2F_S3R","MM2F_S3R.34",0,0
48,"MM2F_S3R","MM2F_S3R.34",0,0
49,"MM2F_S3R","MM2F_S3R.34",0,0
5,"MM2F_S3R","MM2F_S3R.34",56,0.620292423571112
50,"MM2F_S3R","MM2F_S3R.34",0,0
51,"MM2F_S3R","MM2F_S3R.34",0,0
52,"MM2F_S3R","MM2F_S3R.34",0,0
53,"MM2F_S3R","MM2F_S3R.34",0,0
54,"MM2F_S3R","MM2F_S3R.34",0,0
55,"MM2F_S3R","MM2F_S3R.34",0,0
56,"MM2F_S3R","MM2F_S3R.34",0,0
57,"MM2F_S3R","MM2F_S3R.34",0,0
58,"MM2F_S3R","MM2F_S3R.34",0,0
59,"MM2F_S3R","MM2F_S3R.34",0,0
6,"MM2F_S3R","MM2F_S3R.34",0,0
60,"MM2F_S3R","MM2F_S3R.34",0,0
61,"MM2F_S3R","MM2F_S3R.34",0,0
62,"MM2F_S3R","MM2F_S3R.34",0,0
63,"MM2F_S3R","MM2F_S3R.34",0,0
66,"MM2F_S3R","MM2F_S3R.34",0,0
67,"MM2F_S3R","MM2F_S3R.34",89,0.699960676366496
68,"MM2F_S3R","MM2F_S3R.34",0,0
69,"MM2F_S3R","MM2F_S3R.34",0,0
7,"MM2F_S3R","MM2F_S3R.34",0,0
70,"MM2F_S3R","MM2F_S3R.34",0,0
71,"MM2F_S3R","MM2F_S3R.34",0,0
72,"MM2F_S3R","MM2F_S3R.34",40,0.60033018159988
73,"MM2F_S3R","MM2F_S3R.34",0,0
74,"MM2F_S3R","MM2F_S3R.34",0,0
75,"MM2F_S3R","MM2F_S3R.34",0,0
76,"MM2F_S3R","MM2F_S3R.34",0,0
77,"MM2F_S3R","MM2F_S3R.34",0,0
78,"MM2F_S3R","MM2F_S3R.34",0,0
79,"MM2F_S3R","MM2F_S3R.34",0,0
8,"MM2F_S3R","MM2F_S3R.34",0,0
80,"MM2F_S3R","MM2F_S3R.34",0,0
81,"MM2F_S3R","MM2F_S3R.34",0,0
82,"MM2F_S3R","MM2F_S3R.34",0,0
84,"MM2F_S3R","MM2F_S3R.34",0,0
85,"MM2F_S3R","MM2F_S3R.34",0,0
87,"MM2F_S3R","MM2F_S3R.34",0,0
90,"MM2F_S3R","MM2F_S3R.34",0,0
91,"MM2F_S3R","MM2F_S3R.34",0,0
92,"MM2F_S3R","MM2F_S3R.34",59,1.58134548378451
93,"MM2F_S3R","MM2F_S3R.34",0,0
95,"MM2F_S3R","MM2F_S3R.34",0,0
10,"MM2F_S3R","MM2F_S3R.35",0,0
12,"MM2F_S3R","MM2F_S3R.35",0,0
13,"MM2F_S3R","MM2F_S3R.35",0,0
15,"MM2F_S3R","MM2F_S3R.35",0,0
16,"MM2F_S3R","MM2F_S3R.35",0,0
17,"MM2F_S3R","MM2F_S3R.35",0,0
18,"MM2F_S3R","MM2F_S3R.35",0,0
19,"MM2F_S3R","MM2F_S3R.35",0,0
2,"MM2F_S3R","MM2F_S3R.35",0,0
20,"MM2F_S3R","MM2F_S3R.35",0,0
21,"MM2F_S3R","MM2F_S3R.35",0,0
23,"MM2F_S3R","MM2F_S3R.35",0,0
24,"MM2F_S3R","MM2F_S3R.35",0,0
25,"MM2F_S3R","MM2F_S3R.35",0,0
26,"MM2F_S3R","MM2F_S3R.35",0,0
27,"MM2F_S3R","MM2F_S3R.35",0,0
28,"MM2F_S3R","MM2F_S3R.35",0,0
29,"MM2F_S3R","MM2F_S3R.35",0,0
30,"MM2F_S3R","MM2F_S3R.35",0,0
31,"MM2F_S3R","MM2F_S3R.35",0,0
32,"MM2F_S3R","MM2F_S3R.35",0,0
34,"MM2F_S3R","MM2F_S3R.35",0,0
36,"MM2F_S3R","MM2F_S3R.35",0,0
37,"MM2F_S3R","MM2F_S3R.35",0,0
38,"MM2F_S3R","MM2F_S3R.35",0,0
39,"MM2F_S3R","MM2F_S3R.35",0,0
4,"MM2F_S3R","MM2F_S3R.35",0,0
40,"MM2F_S3R","MM2F_S3R.35",0,0
42,"MM2F_S3R","MM2F_S3R.35",0,0
44,"MM2F_S3R","MM2F_S3R.35",43,0.633284241531664
45,"MM2F_S3R","MM2F_S3R.35",0,0
46,"MM2F_S3R","MM2F_S3R.35",0,0
47,"MM2F_S3R","MM2F_S3R.35",0,0
48,"MM2F_S3R","MM2F_S3R.35",0,0
49,"MM2F_S3R","MM2F_S3R.35",0,0
5,"MM2F_S3R","MM2F_S3R.35",0,0
50,"MM2F_S3R","MM2F_S3R.35",0,0
51,"MM2F_S3R","MM2F_S3R.35",0,0
52,"MM2F_S3R","MM2F_S3R.35",0,0
53,"MM2F_S3R","MM2F_S3R.35",0,0
54,"MM2F_S3R","MM2F_S3R.35",0,0
55,"MM2F_S3R","MM2F_S3R.35",37,0.704761904761905
56,"MM2F_S3R","MM2F_S3R.35",0,0
57,"MM2F_S3R","MM2F_S3R.35",0,0
58,"MM2F_S3R","MM2F_S3R.35",0,0
59,"MM2F_S3R","MM2F_S3R.35",0,0
6,"MM2F_S3R","MM2F_S3R.35",0,0
60,"MM2F_S3R","MM2F_S3R.35",0,0
61,"MM2F_S3R","MM2F_S3R.35",85,0.702537399785106
62,"MM2F_S3R","MM2F_S3R.35",0,0
63,"MM2F_S3R","MM2F_S3R.35",0,0
66,"MM2F_S3R","MM2F_S3R.35",0,0
67,"MM2F_S3R","MM2F_S3R.35",0,0
68,"MM2F_S3R","MM2F_S3R.35",0,0
69,"MM2F_S3R","MM2F_S3R.35",0,0
7,"MM2F_S3R","MM2F_S3R.35",0,0
70,"MM2F_S3R","MM2F_S3R.35",0,0
71,"MM2F_S3R","MM2F_S3R.35",0,0
72,"MM2F_S3R","MM2F_S3R.35",0,0
73,"MM2F_S3R","MM2F_S3R.35",0,0
74,"MM2F_S3R","MM2F_S3R.35",0,0
75,"MM2F_S3R","MM2F_S3R.35",0,0
76,"MM2F_S3R","MM2F_S3R.35",0,0
77,"MM2F_S3R","MM2F_S3R.35",0,0
78,"MM2F_S3R","MM2F_S3R.35",0,0
79,"MM2F_S3R","MM2F_S3R.35",0,0
8,"MM2F_S3R","MM2F_S3R.35",0,0
80,"MM2F_S3R","MM2F_S3R.35",90,0.642948992713245
81,"MM2F_S3R","MM2F_S3R.35",0,0
82,"MM2F_S3R","MM2F_S3R.35",0,0
84,"MM2F_S3R","MM2F_S3R.35",0,0
85,"MM2F_S3R","MM2F_S3R.35",0,0
87,"MM2F_S3R","MM2F_S3R.35",0,0
90,"MM2F_S3R","MM2F_S3R.35",0,0
91,"MM2F_S3R","MM2F_S3R.35",0,0
92,"MM2F_S3R","MM2F_S3R.35",0,0
93,"MM2F_S3R","MM2F_S3R.35",0,0
95,"MM2F_S3R","MM2F_S3R.35",0,0
10,"MM2F_S3R","MM2F_S3R.36",0,0
12,"MM2F_S3R","MM2F_S3R.36",0,0
13,"MM2F_S3R","MM2F_S3R.36",0,0
15,"MM2F_S3R","MM2F_S3R.36",0,0
16,"MM2F_S3R","MM2F_S3R.36",0,0
17,"MM2F_S3R","MM2F_S3R.36",0,0
18,"MM2F_S3R","MM2F_S3R.36",0,0
19,"MM2F_S3R","MM2F_S3R.36",0,0
2,"MM2F_S3R","MM2F_S3R.36",0,0
20,"MM2F_S3R","MM2F_S3R.36",0,0
21,"MM2F_S3R","MM2F_S3R.36",0,0
23,"MM2F_S3R","MM2F_S3R.36",0,0
24,"MM2F_S3R","MM2F_S3R.36",73,1.45129224652087
25,"MM2F_S3R","MM2F_S3R.36",0,0
26,"MM2F_S3R","MM2F_S3R.36",0,0
27,"MM2F_S3R","MM2F_S3R.36",0,0
28,"MM2F_S3R","MM2F_S3R.36",0,0
29,"MM2F_S3R","MM2F_S3R.36",0,0
30,"MM2F_S3R","MM2F_S3R.36",0,0
31,"MM2F_S3R","MM2F_S3R.36",0,0
32,"MM2F_S3R","MM2F_S3R.36",0,0
34,"MM2F_S3R","MM2F_S3R.36",0,0
36,"MM2F_S3R","MM2F_S3R.36",0,0
37,"MM2F_S3R","MM2F_S3R.36",0,0
38,"MM2F_S3R","MM2F_S3R.36",0,0
39,"MM2F_S3R","MM2F_S3R.36",0,0
4,"MM2F_S3R","MM2F_S3R.36",0,0
40,"MM2F_S3R","MM2F_S3R.36",0,0
42,"MM2F_S3R","MM2F_S3R.36",0,0
44,"MM2F_S3R","MM2F_S3R.36",0,0
45,"MM2F_S3R","MM2F_S3R.36",0,0
46,"MM2F_S3R","MM2F_S3R.36",0,0
47,"MM2F_S3R","MM2F_S3R.36",0,0
48,"MM2F_S3R","MM2F_S3R.36",0,0
49,"MM2F_S3R","MM2F_S3R.36",0,0
5,"MM2F_S3R","MM2F_S3R.36",0,0
50,"MM2F_S3R","MM2F_S3R.36",0,0
51,"MM2F_S3R","MM2F_S3R.36",0,0
52,"MM2F_S3R","MM2F_S3R.36",0,0
53,"MM2F_S3R","MM2F_S3R.36",0,0
54,"MM2F_S3R","MM2F_S3R.36",0,0
55,"MM2F_S3R","MM2F_S3R.36",0,0
56,"MM2F_S3R","MM2F_S3R.36",0,0
57,"MM2F_S3R","MM2F_S3R.36",0,0
58,"MM2F_S3R","MM2F_S3R.36",0,0
59,"MM2F_S3R","MM2F_S3R.36",0,0
6,"MM2F_S3R","MM2F_S3R.36",0,0
60,"MM2F_S3R","MM2F_S3R.36",0,0
61,"MM2F_S3R","MM2F_S3R.36",0,0
62,"MM2F_S3R","MM2F_S3R.36",0,0
63,"MM2F_S3R","MM2F_S3R.36",0,0
66,"MM2F_S3R","MM2F_S3R.36",0,0
67,"MM2F_S3R","MM2F_S3R.36",0,0
68,"MM2F_S3R","MM2F_S3R.36",0,0
69,"MM2F_S3R","MM2F_S3R.36",0,0
7,"MM2F_S3R","MM2F_S3R.36",0,0
70,"MM2F_S3R","MM2F_S3R.36",0,0
71,"MM2F_S3R","MM2F_S3R.36",0,0
72,"MM2F_S3R","MM2F_S3R.36",0,0
73,"MM2F_S3R","MM2F_S3R.36",0,0
74,"MM2F_S3R","MM2F_S3R.36",0,0
75,"MM2F_S3R","MM2F_S3R.36",0,0
76,"MM2F_S3R","MM2F_S3R.36",0,0
77,"MM2F_S3R","MM2F_S3R.36",0,0
78,"MM2F_S3R","MM2F_S3R.36",0,0
79,"MM2F_S3R","MM2F_S3R.36",0,0
8,"MM2F_S3R","MM2F_S3R.36",0,0
80,"MM2F_S3R","MM2F_S3R.36",0,0
81,"MM2F_S3R","MM2F_S3R.36",0,0
82,"MM2F_S3R","MM2F_S3R.36",0,0
84,"MM2F_S3R","MM2F_S3R.36",0,0
85,"MM2F_S3R","MM2F_S3R.36",64,0.503065555730231
87,"MM2F_S3R","MM2F_S3R.36",0,0
90,"MM2F_S3R","MM2F_S3R.36",0,0
91,"MM2F_S3R","MM2F_S3R.36",45,0.477352285987058
92,"MM2F_S3R","MM2F_S3R.36",0,0
93,"MM2F_S3R","MM2F_S3R.36",0,0
95,"MM2F_S3R","MM2F_S3R.36",0,0
10,"MM2F_S3R","MM2F_S3R.37",0,0
12,"MM2F_S3R","MM2F_S3R.37",0,0
13,"MM2F_S3R","MM2F_S3R.37",0,0
15,"MM2F_S3R","MM2F_S3R.37",0,0
16,"MM2F_S3R","MM2F_S3R.37",0,0
17,"MM2F_S3R","MM2F_S3R.37",0,0
18,"MM2F_S3R","MM2F_S3R.37",247,1.02002890770184
19,"MM2F_S3R","MM2F_S3R.37",0,0
2,"MM2F_S3R","MM2F_S3R.37",0,0
20,"MM2F_S3R","MM2F_S3R.37",0,0
21,"MM2F_S3R","MM2F_S3R.37",0,0
23,"MM2F_S3R","MM2F_S3R.37",0,0
24,"MM2F_S3R","MM2F_S3R.37",0,0
25,"MM2F_S3R","MM2F_S3R.37",0,0
26,"MM2F_S3R","MM2F_S3R.37",0,0
27,"MM2F_S3R","MM2F_S3R.37",0,0
28,"MM2F_S3R","MM2F_S3R.37",0,0
29,"MM2F_S3R","MM2F_S3R.37",0,0
30,"MM2F_S3R","MM2F_S3R.37",0,0
31,"MM2F_S3R","MM2F_S3R.37",0,0
32,"MM2F_S3R","MM2F_S3R.37",0,0
34,"MM2F_S3R","MM2F_S3R.37",0,0
36,"MM2F_S3R","MM2F_S3R.37",0,0
37,"MM2F_S3R","MM2F_S3R.37",0,0
38,"MM2F_S3R","MM2F_S3R.37",0,0
39,"MM2F_S3R","MM2F_S3R.37",0,0
4,"MM2F_S3R","MM2F_S3R.37",0,0
40,"MM2F_S3R","MM2F_S3R.37",0,0
42,"MM2F_S3R","MM2F_S3R.37",0,0
44,"MM2F_S3R","MM2F_S3R.37",0,0
45,"MM2F_S3R","MM2F_S3R.37",14,0.156634593868874
46,"MM2F_S3R","MM2F_S3R.37",0,0
47,"MM2F_S3R","MM2F_S3R.37",0,0
48,"MM2F_S3R","MM2F_S3R.37",0,0
49,"MM2F_S3R","MM2F_S3R.37",0,0
5,"MM2F_S3R","MM2F_S3R.37",0,0
50,"MM2F_S3R","MM2F_S3R.37",0,0
51,"MM2F_S3R","MM2F_S3R.37",0,0
52,"MM2F_S3R","MM2F_S3R.37",0,0
53,"MM2F_S3R","MM2F_S3R.37",0,0
54,"MM2F_S3R","MM2F_S3R.37",5,0.107411385606874
55,"MM2F_S3R","MM2F_S3R.37",0,0
56,"MM2F_S3R","MM2F_S3R.37",0,0
57,"MM2F_S3R","MM2F_S3R.37",0,0
58,"MM2F_S3R","MM2F_S3R.37",0,0
59,"MM2F_S3R","MM2F_S3R.37",0,0
6,"MM2F_S3R","MM2F_S3R.37",0,0
60,"MM2F_S3R","MM2F_S3R.37",0,0
61,"MM2F_S3R","MM2F_S3R.37",22,0.181833209356145
62,"MM2F_S3R","MM2F_S3R.37",0,0
63,"MM2F_S3R","MM2F_S3R.37",0,0
66,"MM2F_S3R","MM2F_S3R.37",0,0
67,"MM2F_S3R","MM2F_S3R.37",0,0
68,"MM2F_S3R","MM2F_S3R.37",0,0
69,"MM2F_S3R","MM2F_S3R.37",0,0
7,"MM2F_S3R","MM2F_S3R.37",0,0
70,"MM2F_S3R","MM2F_S3R.37",0,0
71,"MM2F_S3R","MM2F_S3R.37",0,0
72,"MM2F_S3R","MM2F_S3R.37",0,0
73,"MM2F_S3R","MM2F_S3R.37",0,0
74,"MM2F_S3R","MM2F_S3R.37",0,0
75,"MM2F_S3R","MM2F_S3R.37",0,0
76,"MM2F_S3R","MM2F_S3R.37",0,0
77,"MM2F_S3R","MM2F_S3R.37",0,0
78,"MM2F_S3R","MM2F_S3R.37",0,0
79,"MM2F_S3R","MM2F_S3R.37",0,0
8,"MM2F_S3R","MM2F_S3R.37",0,0
80,"MM2F_S3R","MM2F_S3R.37",0,0
81,"MM2F_S3R","MM2F_S3R.37",0,0
82,"MM2F_S3R","MM2F_S3R.37",0,0
84,"MM2F_S3R","MM2F_S3R.37",0,0
85,"MM2F_S3R","MM2F_S3R.37",0,0
87,"MM2F_S3R","MM2F_S3R.37",0,0
90,"MM2F_S3R","MM2F_S3R.37",0,0
91,"MM2F_S3R","MM2F_S3R.37",0,0
92,"MM2F_S3R","MM2F_S3R.37",0,0
93,"MM2F_S3R","MM2F_S3R.37",0,0
95,"MM2F_S3R","MM2F_S3R.37",0,0
10,"MM2F_S3R","MM2F_S3R.38",0,0
12,"MM2F_S3R","MM2F_S3R.38",0,0
13,"MM2F_S3R","MM2F_S3R.38",0,0
15,"MM2F_S3R","MM2F_S3R.38",0,0
16,"MM2F_S3R","MM2F_S3R.38",0,0
17,"MM2F_S3R","MM2F_S3R.38",0,0
18,"MM2F_S3R","MM2F_S3R.38",233,0.96221350402643
19,"MM2F_S3R","MM2F_S3R.38",0,0
2,"MM2F_S3R","MM2F_S3R.38",0,0
20,"MM2F_S3R","MM2F_S3R.38",0,0
21,"MM2F_S3R","MM2F_S3R.38",0,0
23,"MM2F_S3R","MM2F_S3R.38",0,0
24,"MM2F_S3R","MM2F_S3R.38",0,0
25,"MM2F_S3R","MM2F_S3R.38",0,0
26,"MM2F_S3R","MM2F_S3R.38",0,0
27,"MM2F_S3R","MM2F_S3R.38",0,0
28,"MM2F_S3R","MM2F_S3R.38",0,0
29,"MM2F_S3R","MM2F_S3R.38",0,0
30,"MM2F_S3R","MM2F_S3R.38",0,0
31,"MM2F_S3R","MM2F_S3R.38",0,0
32,"MM2F_S3R","MM2F_S3R.38",0,0
34,"MM2F_S3R","MM2F_S3R.38",0,0
36,"MM2F_S3R","MM2F_S3R.38",0,0
37,"MM2F_S3R","MM2F_S3R.38",0,0
38,"MM2F_S3R","MM2F_S3R.38",0,0
39,"MM2F_S3R","MM2F_S3R.38",0,0
4,"MM2F_S3R","MM2F_S3R.38",0,0
40,"MM2F_S3R","MM2F_S3R.38",0,0
42,"MM2F_S3R","MM2F_S3R.38",0,0
44,"MM2F_S3R","MM2F_S3R.38",0,0
45,"MM2F_S3R","MM2F_S3R.38",10,0.111881852763482
46,"MM2F_S3R","MM2F_S3R.38",0,0
47,"MM2F_S3R","MM2F_S3R.38",0,0
48,"MM2F_S3R","MM2F_S3R.38",0,0
49,"MM2F_S3R","MM2F_S3R.38",0,0
5,"MM2F_S3R","MM2F_S3R.38",0,0
50,"MM2F_S3R","MM2F_S3R.38",0,0
51,"MM2F_S3R","MM2F_S3R.38",0,0
52,"MM2F_S3R","MM2F_S3R.38",0,0
53,"MM2F_S3R","MM2F_S3R.38",0,0
54,"MM2F_S3R","MM2F_S3R.38",7,0.150375939849624
55,"MM2F_S3R","MM2F_S3R.38",0,0
56,"MM2F_S3R","MM2F_S3R.38",0,0
57,"MM2F_S3R","MM2F_S3R.38",0,0
58,"MM2F_S3R","MM2F_S3R.38",0,0
59,"MM2F_S3R","MM2F_S3R.38",0,0
6,"MM2F_S3R","MM2F_S3R.38",0,0
60,"MM2F_S3R","MM2F_S3R.38",0,0
61,"MM2F_S3R","MM2F_S3R.38",0,0
62,"MM2F_S3R","MM2F_S3R.38",0,0
63,"MM2F_S3R","MM2F_S3R.38",0,0
66,"MM2F_S3R","MM2F_S3R.38",0,0
67,"MM2F_S3R","MM2F_S3R.38",0,0
68,"MM2F_S3R","MM2F_S3R.38",0,0
69,"MM2F_S3R","MM2F_S3R.38",0,0
7,"MM2F_S3R","MM2F_S3R.38",0,0
70,"MM2F_S3R","MM2F_S3R.38",0,0
71,"MM2F_S3R","MM2F_S3R.38",0,0
72,"MM2F_S3R","MM2F_S3R.38",0,0
73,"MM2F_S3R","MM2F_S3R.38",0,0
74,"MM2F_S3R","MM2F_S3R.38",0,0
75,"MM2F_S3R","MM2F_S3R.38",0,0
76,"MM2F_S3R","MM2F_S3R.38",0,0
77,"MM2F_S3R","MM2F_S3R.38",0,0
78,"MM2F_S3R","MM2F_S3R.38",0,0
79,"MM2F_S3R","MM2F_S3R.38",0,0
8,"MM2F_S3R","MM2F_S3R.38",0,0
80,"MM2F_S3R","MM2F_S3R.38",0,0
81,"MM2F_S3R","MM2F_S3R.38",0,0
82,"MM2F_S3R","MM2F_S3R.38",0,0
84,"MM2F_S3R","MM2F_S3R.38",0,0
85,"MM2F_S3R","MM2F_S3R.38",0,0
87,"MM2F_S3R","MM2F_S3R.38",0,0
90,"MM2F_S3R","MM2F_S3R.38",0,0
91,"MM2F_S3R","MM2F_S3R.38",0,0
92,"MM2F_S3R","MM2F_S3R.38",0,0
93,"MM2F_S3R","MM2F_S3R.38",0,0
95,"MM2F_S3R","MM2F_S3R.38",0,0
10,"MM2F_S3R","MM2F_S3R.41",0,0
12,"MM2F_S3R","MM2F_S3R.41",0,0
13,"MM2F_S3R","MM2F_S3R.41",0,0
15,"MM2F_S3R","MM2F_S3R.41",0,0
16,"MM2F_S3R","MM2F_S3R.41",0,0
17,"MM2F_S3R","MM2F_S3R.41",0,0
18,"MM2F_S3R","MM2F_S3R.41",0,0
19,"MM2F_S3R","MM2F_S3R.41",0,0
2,"MM2F_S3R","MM2F_S3R.41",0,0
20,"MM2F_S3R","MM2F_S3R.41",0,0
21,"MM2F_S3R","MM2F_S3R.41",0,0
23,"MM2F_S3R","MM2F_S3R.41",0,0
24,"MM2F_S3R","MM2F_S3R.41",0,0
25,"MM2F_S3R","MM2F_S3R.41",0,0
26,"MM2F_S3R","MM2F_S3R.41",0,0
27,"MM2F_S3R","MM2F_S3R.41",0,0
28,"MM2F_S3R","MM2F_S3R.41",0,0
29,"MM2F_S3R","MM2F_S3R.41",0,0
30,"MM2F_S3R","MM2F_S3R.41",0,0
31,"MM2F_S3R","MM2F_S3R.41",0,0
32,"MM2F_S3R","MM2F_S3R.41",0,0
34,"MM2F_S3R","MM2F_S3R.41",0,0
36,"MM2F_S3R","MM2F_S3R.41",0,0
37,"MM2F_S3R","MM2F_S3R.41",0,0
38,"MM2F_S3R","MM2F_S3R.41",0,0
39,"MM2F_S3R","MM2F_S3R.41",0,0
4,"MM2F_S3R","MM2F_S3R.41",0,0
40,"MM2F_S3R","MM2F_S3R.41",0,0
42,"MM2F_S3R","MM2F_S3R.41",0,0
44,"MM2F_S3R","MM2F_S3R.41",0,0
45,"MM2F_S3R","MM2F_S3R.41",0,0
46,"MM2F_S3R","MM2F_S3R.41",0,0
47,"MM2F_S3R","MM2F_S3R.41",0,0
48,"MM2F_S3R","MM2F_S3R.41",0,0
49,"MM2F_S3R","MM2F_S3R.41",0,0
5,"MM2F_S3R","MM2F_S3R.41",0,0
50,"MM2F_S3R","MM2F_S3R.41",0,0
51,"MM2F_S3R","MM2F_S3R.41",0,0
52,"MM2F_S3R","MM2F_S3R.41",0,0
53,"MM2F_S3R","MM2F_S3R.41",0,0
54,"MM2F_S3R","MM2F_S3R.41",0,0
55,"MM2F_S3R","MM2F_S3R.41",0,0
56,"MM2F_S3R","MM2F_S3R.41",0,0
57,"MM2F_S3R","MM2F_S3R.41",0,0
58,"MM2F_S3R","MM2F_S3R.41",0,0
59,"MM2F_S3R","MM2F_S3R.41",0,0
6,"MM2F_S3R","MM2F_S3R.41",0,0
60,"MM2F_S3R","MM2F_S3R.41",0,0
61,"MM2F_S3R","MM2F_S3R.41",0,0
62,"MM2F_S3R","MM2F_S3R.41",0,0
63,"MM2F_S3R","MM2F_S3R.41",0,0
66,"MM2F_S3R","MM2F_S3R.41",0,0
67,"MM2F_S3R","MM2F_S3R.41",0,0
68,"MM2F_S3R","MM2F_S3R.41",0,0
69,"MM2F_S3R","MM2F_S3R.41",0,0
7,"MM2F_S3R","MM2F_S3R.41",0,0
70,"MM2F_S3R","MM2F_S3R.41",0,0
71,"MM2F_S3R","MM2F_S3R.41",0,0
72,"MM2F_S3R","MM2F_S3R.41",0,0
73,"MM2F_S3R","MM2F_S3R.41",0,0
74,"MM2F_S3R","MM2F_S3R.41",0,0
75,"MM2F_S3R","MM2F_S3R.41",0,0
76,"MM2F_S3R","MM2F_S3R.41",0,0
77,"MM2F_S3R","MM2F_S3R.41",0,0
78,"MM2F_S3R","MM2F_S3R.41",76,0.785123966942149
79,"MM2F_S3R","MM2F_S3R.41",0,0
8,"MM2F_S3R","MM2F_S3R.41",0,0
80,"MM2F_S3R","MM2F_S3R.41",0,0
81,"MM2F_S3R","MM2F_S3R.41",0,0
82,"MM2F_S3R","MM2F_S3R.41",0,0
84,"MM2F_S3R","MM2F_S3R.41",35,0.550920824807178
85,"MM2F_S3R","MM2F_S3R.41",0,0
87,"MM2F_S3R","MM2F_S3R.41",0,0
90,"MM2F_S3R","MM2F_S3R.41",0,0
91,"MM2F_S3R","MM2F_S3R.41",0,0
92,"MM2F_S3R","MM2F_S3R.41",0,0
93,"MM2F_S3R","MM2F_S3R.41",0,0
95,"MM2F_S3R","MM2F_S3R.41",0,0
10,"MM2F_S3R","MM2F_S3R.42",0,0
12,"MM2F_S3R","MM2F_S3R.42",0,0
13,"MM2F_S3R","MM2F_S3R.42",0,0
15,"MM2F_S3R","MM2F_S3R.42",0,0
16,"MM2F_S3R","MM2F_S3R.42",0,0
17,"MM2F_S3R","MM2F_S3R.42",0,0
18,"MM2F_S3R","MM2F_S3R.42",0,0
19,"MM2F_S3R","MM2F_S3R.42",0,0
2,"MM2F_S3R","MM2F_S3R.42",0,0
20,"MM2F_S3R","MM2F_S3R.42",0,0
21,"MM2F_S3R","MM2F_S3R.42",0,0
23,"MM2F_S3R","MM2F_S3R.42",0,0
24,"MM2F_S3R","MM2F_S3R.42",0,0
25,"MM2F_S3R","MM2F_S3R.42",0,0
26,"MM2F_S3R","MM2F_S3R.42",0,0
27,"MM2F_S3R","MM2F_S3R.42",0,0
28,"MM2F_S3R","MM2F_S3R.42",0,0
29,"MM2F_S3R","MM2F_S3R.42",0,0
30,"MM2F_S3R","MM2F_S3R.42",0,0
31,"MM2F_S3R","MM2F_S3R.42",0,0
32,"MM2F_S3R","MM2F_S3R.42",0,0
34,"MM2F_S3R","MM2F_S3R.42",0,0
36,"MM2F_S3R","MM2F_S3R.42",0,0
37,"MM2F_S3R","MM2F_S3R.42",0,0
38,"MM2F_S3R","MM2F_S3R.42",0,0
39,"MM2F_S3R","MM2F_S3R.42",0,0
4,"MM2F_S3R","MM2F_S3R.42",0,0
40,"MM2F_S3R","MM2F_S3R.42",0,0
42,"MM2F_S3R","MM2F_S3R.42",0,0
44,"MM2F_S3R","MM2F_S3R.42",0,0
45,"MM2F_S3R","MM2F_S3R.42",0,0
46,"MM2F_S3R","MM2F_S3R.42",0,0
47,"MM2F_S3R","MM2F_S3R.42",0,0
48,"MM2F_S3R","MM2F_S3R.42",0,0
49,"MM2F_S3R","MM2F_S3R.42",0,0
5,"MM2F_S3R","MM2F_S3R.42",0,0
50,"MM2F_S3R","MM2F_S3R.42",0,0
51,"MM2F_S3R","MM2F_S3R.42",0,0
52,"MM2F_S3R","MM2F_S3R.42",0,0
53,"MM2F_S3R","MM2F_S3R.42",0,0
54,"MM2F_S3R","MM2F_S3R.42",0,0
55,"MM2F_S3R","MM2F_S3R.42",0,0
56,"MM2F_S3R","MM2F_S3R.42",0,0
57,"MM2F_S3R","MM2F_S3R.42",0,0
58,"MM2F_S3R","MM2F_S3R.42",0,0
59,"MM2F_S3R","MM2F_S3R.42",0,0
6,"MM2F_S3R","MM2F_S3R.42",0,0
60,"MM2F_S3R","MM2F_S3R.42",0,0
61,"MM2F_S3R","MM2F_S3R.42",0,0
62,"MM2F_S3R","MM2F_S3R.42",0,0
63,"MM2F_S3R","MM2F_S3R.42",0,0
66,"MM2F_S3R","MM2F_S3R.42",107,0.71195688335884
67,"MM2F_S3R","MM2F_S3R.42",0,0
68,"MM2F_S3R","MM2F_S3R.42",0,0
69,"MM2F_S3R","MM2F_S3R.42",0,0
7,"MM2F_S3R","MM2F_S3R.42",0,0
70,"MM2F_S3R","MM2F_S3R.42",0,0
71,"MM2F_S3R","MM2F_S3R.42",0,0
72,"MM2F_S3R","MM2F_S3R.42",0,0
73,"MM2F_S3R","MM2F_S3R.42",0,0
74,"MM2F_S3R","MM2F_S3R.42",0,0
75,"MM2F_S3R","MM2F_S3R.42",0,0
76,"MM2F_S3R","MM2F_S3R.42",0,0
77,"MM2F_S3R","MM2F_S3R.42",0,0
78,"MM2F_S3R","MM2F_S3R.42",0,0
79,"MM2F_S3R","MM2F_S3R.42",0,0
8,"MM2F_S3R","MM2F_S3R.42",0,0
80,"MM2F_S3R","MM2F_S3R.42",0,0
81,"MM2F_S3R","MM2F_S3R.42",0,0
82,"MM2F_S3R","MM2F_S3R.42",0,0
84,"MM2F_S3R","MM2F_S3R.42",0,0
85,"MM2F_S3R","MM2F_S3R.42",0,0
87,"MM2F_S3R","MM2F_S3R.42",0,0
90,"MM2F_S3R","MM2F_S3R.42",0,0
91,"MM2F_S3R","MM2F_S3R.42",0,0
92,"MM2F_S3R","MM2F_S3R.42",0,0
93,"MM2F_S3R","MM2F_S3R.42",0,0
95,"MM2F_S3R","MM2F_S3R.42",0,0
10,"MM2F_S3R","MM2F_S3R.43",0,0
12,"MM2F_S3R","MM2F_S3R.43",0,0
13,"MM2F_S3R","MM2F_S3R.43",0,0
15,"MM2F_S3R","MM2F_S3R.43",0,0
16,"MM2F_S3R","MM2F_S3R.43",86,0.611533812131124
17,"MM2F_S3R","MM2F_S3R.43",0,0
18,"MM2F_S3R","MM2F_S3R.43",0,0
19,"MM2F_S3R","MM2F_S3R.43",0,0
2,"MM2F_S3R","MM2F_S3R.43",0,0
20,"MM2F_S3R","MM2F_S3R.43",0,0
21,"MM2F_S3R","MM2F_S3R.43",0,0
23,"MM2F_S3R","MM2F_S3R.43",0,0
24,"MM2F_S3R","MM2F_S3R.43",0,0
25,"MM2F_S3R","MM2F_S3R.43",0,0
26,"MM2F_S3R","MM2F_S3R.43",0,0
27,"MM2F_S3R","MM2F_S3R.43",0,0
28,"MM2F_S3R","MM2F_S3R.43",0,0
29,"MM2F_S3R","MM2F_S3R.43",0,0
30,"MM2F_S3R","MM2F_S3R.43",0,0
31,"MM2F_S3R","MM2F_S3R.43",0,0
32,"MM2F_S3R","MM2F_S3R.43",0,0
34,"MM2F_S3R","MM2F_S3R.43",0,0
36,"MM2F_S3R","MM2F_S3R.43",0,0
37,"MM2F_S3R","MM2F_S3R.43",0,0
38,"MM2F_S3R","MM2F_S3R.43",0,0
39,"MM2F_S3R","MM2F_S3R.43",0,0
4,"MM2F_S3R","MM2F_S3R.43",0,0
40,"MM2F_S3R","MM2F_S3R.43",0,0
42,"MM2F_S3R","MM2F_S3R.43",0,0
44,"MM2F_S3R","MM2F_S3R.43",0,0
45,"MM2F_S3R","MM2F_S3R.43",0,0
46,"MM2F_S3R","MM2F_S3R.43",0,0
47,"MM2F_S3R","MM2F_S3R.43",0,0
48,"MM2F_S3R","MM2F_S3R.43",0,0
49,"MM2F_S3R","MM2F_S3R.43",0,0
5,"MM2F_S3R","MM2F_S3R.43",0,0
50,"MM2F_S3R","MM2F_S3R.43",0,0
51,"MM2F_S3R","MM2F_S3R.43",0,0
52,"MM2F_S3R","MM2F_S3R.43",0,0
53,"MM2F_S3R","MM2F_S3R.43",0,0
54,"MM2F_S3R","MM2F_S3R.43",0,0
55,"MM2F_S3R","MM2F_S3R.43",0,0
56,"MM2F_S3R","MM2F_S3R.43",0,0
57,"MM2F_S3R","MM2F_S3R.43",0,0
58,"MM2F_S3R","MM2F_S3R.43",0,0
59,"MM2F_S3R","MM2F_S3R.43",0,0
6,"MM2F_S3R","MM2F_S3R.43",0,0
60,"MM2F_S3R","MM2F_S3R.43",0,0
61,"MM2F_S3R","MM2F_S3R.43",0,0
62,"MM2F_S3R","MM2F_S3R.43",0,0
63,"MM2F_S3R","MM2F_S3R.43",0,0
66,"MM2F_S3R","MM2F_S3R.43",0,0
67,"MM2F_S3R","MM2F_S3R.43",0,0
68,"MM2F_S3R","MM2F_S3R.43",0,0
69,"MM2F_S3R","MM2F_S3R.43",0,0
7,"MM2F_S3R","MM2F_S3R.43",0,0
70,"MM2F_S3R","MM2F_S3R.43",0,0
71,"MM2F_S3R","MM2F_S3R.43",0,0
72,"MM2F_S3R","MM2F_S3R.43",0,0
73,"MM2F_S3R","MM2F_S3R.43",0,0
74,"MM2F_S3R","MM2F_S3R.43",0,0
75,"MM2F_S3R","MM2F_S3R.43",0,0
76,"MM2F_S3R","MM2F_S3R.43",0,0
77,"MM2F_S3R","MM2F_S3R.43",0,0
78,"MM2F_S3R","MM2F_S3R.43",0,0
79,"MM2F_S3R","MM2F_S3R.43",0,0
8,"MM2F_S3R","MM2F_S3R.43",0,0
80,"MM2F_S3R","MM2F_S3R.43",0,0
81,"MM2F_S3R","MM2F_S3R.43",0,0
82,"MM2F_S3R","MM2F_S3R.43",0,0
84,"MM2F_S3R","MM2F_S3R.43",0,0
85,"MM2F_S3R","MM2F_S3R.43",0,0
87,"MM2F_S3R","MM2F_S3R.43",0,0
90,"MM2F_S3R","MM2F_S3R.43",0,0
91,"MM2F_S3R","MM2F_S3R.43",0,0
92,"MM2F_S3R","MM2F_S3R.43",0,0
93,"MM2F_S3R","MM2F_S3R.43",0,0
95,"MM2F_S3R","MM2F_S3R.43",0,0
10,"MM2F_S3R","MM2F_S3R.44",0,0
12,"MM2F_S3R","MM2F_S3R.44",0,0
13,"MM2F_S3R","MM2F_S3R.44",0,0
15,"MM2F_S3R","MM2F_S3R.44",0,0
16,"MM2F_S3R","MM2F_S3R.44",0,0
17,"MM2F_S3R","MM2F_S3R.44",0,0
18,"MM2F_S3R","MM2F_S3R.44",0,0
19,"MM2F_S3R","MM2F_S3R.44",0,0
2,"MM2F_S3R","MM2F_S3R.44",0,0
20,"MM2F_S3R","MM2F_S3R.44",0,0
21,"MM2F_S3R","MM2F_S3R.44",0,0
23,"MM2F_S3R","MM2F_S3R.44",0,0
24,"MM2F_S3R","MM2F_S3R.44",0,0
25,"MM2F_S3R","MM2F_S3R.44",0,0
26,"MM2F_S3R","MM2F_S3R.44",0,0
27,"MM2F_S3R","MM2F_S3R.44",0,0
28,"MM2F_S3R","MM2F_S3R.44",0,0
29,"MM2F_S3R","MM2F_S3R.44",0,0
30,"MM2F_S3R","MM2F_S3R.44",0,0
31,"MM2F_S3R","MM2F_S3R.44",0,0
32,"MM2F_S3R","MM2F_S3R.44",0,0
34,"MM2F_S3R","MM2F_S3R.44",0,0
36,"MM2F_S3R","MM2F_S3R.44",0,0
37,"MM2F_S3R","MM2F_S3R.44",0,0
38,"MM2F_S3R","MM2F_S3R.44",0,0
39,"MM2F_S3R","MM2F_S3R.44",0,0
4,"MM2F_S3R","MM2F_S3R.44",0,0
40,"MM2F_S3R","MM2F_S3R.44",0,0
42,"MM2F_S3R","MM2F_S3R.44",0,0
44,"MM2F_S3R","MM2F_S3R.44",0,0
45,"MM2F_S3R","MM2F_S3R.44",0,0
46,"MM2F_S3R","MM2F_S3R.44",0,0
47,"MM2F_S3R","MM2F_S3R.44",0,0
48,"MM2F_S3R","MM2F_S3R.44",0,0
49,"MM2F_S3R","MM2F_S3R.44",0,0
5,"MM2F_S3R","MM2F_S3R.44",0,0
50,"MM2F_S3R","MM2F_S3R.44",0,0
51,"MM2F_S3R","MM2F_S3R.44",0,0
52,"MM2F_S3R","MM2F_S3R.44",0,0
53,"MM2F_S3R","MM2F_S3R.44",0,0
54,"MM2F_S3R","MM2F_S3R.44",0,0
55,"MM2F_S3R","MM2F_S3R.44",0,0
56,"MM2F_S3R","MM2F_S3R.44",0,0
57,"MM2F_S3R","MM2F_S3R.44",0,0
58,"MM2F_S3R","MM2F_S3R.44",0,0
59,"MM2F_S3R","MM2F_S3R.44",0,0
6,"MM2F_S3R","MM2F_S3R.44",0,0
60,"MM2F_S3R","MM2F_S3R.44",0,0
61,"MM2F_S3R","MM2F_S3R.44",16,0.132242334077196
62,"MM2F_S3R","MM2F_S3R.44",0,0
63,"MM2F_S3R","MM2F_S3R.44",0,0
66,"MM2F_S3R","MM2F_S3R.44",0,0
67,"MM2F_S3R","MM2F_S3R.44",0,0
68,"MM2F_S3R","MM2F_S3R.44",0,0
69,"MM2F_S3R","MM2F_S3R.44",0,0
7,"MM2F_S3R","MM2F_S3R.44",0,0
70,"MM2F_S3R","MM2F_S3R.44",0,0
71,"MM2F_S3R","MM2F_S3R.44",0,0
72,"MM2F_S3R","MM2F_S3R.44",0,0
73,"MM2F_S3R","MM2F_S3R.44",0,0
74,"MM2F_S3R","MM2F_S3R.44",0,0
75,"MM2F_S3R","MM2F_S3R.44",0,0
76,"MM2F_S3R","MM2F_S3R.44",0,0
77,"MM2F_S3R","MM2F_S3R.44",0,0
78,"MM2F_S3R","MM2F_S3R.44",0,0
79,"MM2F_S3R","MM2F_S3R.44",0,0
8,"MM2F_S3R","MM2F_S3R.44",0,0
80,"MM2F_S3R","MM2F_S3R.44",0,0
81,"MM2F_S3R","MM2F_S3R.44",0,0
82,"MM2F_S3R","MM2F_S3R.44",0,0
84,"MM2F_S3R","MM2F_S3R.44",0,0
85,"MM2F_S3R","MM2F_S3R.44",0,0
87,"MM2F_S3R","MM2F_S3R.44",0,0
90,"MM2F_S3R","MM2F_S3R.44",0,0
91,"MM2F_S3R","MM2F_S3R.44",0,0
92,"MM2F_S3R","MM2F_S3R.44",0,0
93,"MM2F_S3R","MM2F_S3R.44",0,0
95,"MM2F_S3R","MM2F_S3R.44",0,0
