loci,aa_combo,gel,0,1,2
HBA1,Gly_Thr_Gly_Val_His,A,,48,7
HBA1,Gly_Thr_Gly_Val_Gln,A,,24,0
HBA1,Gly_Thr_Arg_Val_Gln,X,,14,0
HBA1,Gly_Ile_Arg_Arg_Gln,X?,,16,0
HBA1,Asp_Thr_Gly_Val_His,A,,26,0
HBA2,Val_Gly_His,A,,51,20
HBA2,Val_Glu_His,Q,,59,8
HBA2,Val_Gly_Gln,A,,28,8
HBA2,Ile_Gly_Gln,A,,20,0
HBA1,Gly_Thr_Gly_Val_His,N,22,,
HBA1,Gly_Thr_Gly_Val_Gln,N,53,,
HBA1,Gly_Thr_Arg_Val_Gln,N,63,,
HBA1,Gly_Ile_Arg_Arg_Gln,N,61,,
HBA1,Asp_Thr_Gly_Val_His,N,51,,
HBA2,Val_Gly_His,N,6,,
HBA2,Val_Glu_His,N,10,,
HBA2,Val_Gly_Gln,N,41,,
HBA2,Ile_Gly_Gln,N,57,,